"Id","Path","Slice Name","Alias(s)","Label","Min","Max","Must Support?","Is Modifier?","Is Summary?","Type(s)","Short","Definition","Comments","Requirements","Default Value","Meaning When Missing","Fixed Value","Pattern","Example","Minimum Value","Maximum Value","Maximum Length","Binding Strength","Binding Description","Binding Value Set","Code","Slicing Discriminator","Slicing Description","Slicing Ordered","Slicing Rules","Base Path","Base Min","Base Max","Condition(s)","Constraint(s)","Mapping: RIM Mapping"
"PreQualDB","PreQualDB","","","",0,*,"","","","null {[]} {[]}
","WHO Vaccine PreQual DB","WHO Vaccine PreQual DB.  Logical model for WHO PreQual DB as CSV file available at:
     https://extranet.who.int/prequal/vaccines/prequalified-vaccines
Columns of the CSV are as follows
  1:Date of Prequalification  
  2:Vaccine Type
  3:Commercial Name
  4:Presentation
  5:No. of doses
  6:Manufacturer
  7:Responsible NRA
","","","","","","","","","",,,,,"",,,,"Base",0,*,"","","n/a"
"PreQualDB.dateOfPrequal","PreQualDB.dateOfPrequal","","","",1,1,"","","","dateTime {[]} {[]}
","Date of Prequalification (DD/MM/YY)","Date of Prequalification (DD/MM/YY)","","","","","","","","","",,,,,"",,,,"PreQualDB.dateOfPrequal",1,1,"",""
"PreQualDB.vaccineType","PreQualDB.vaccineType","","","",1,1,"","","","CodeableConcept {[]} {[]}
","Vaccine Type","Vaccine Type","","","","","","","","","",,,,,"",,,,"PreQualDB.vaccineType",1,1,"",""
"PreQualDB.commercialName","PreQualDB.commercialName","","","",1,1,"","","","string {[]} {[]}
","Commercial Name","Commercial Name","","","","","","","","","",,,,,"",,,,"PreQualDB.commercialName",1,1,"",""
"PreQualDB.presentation","PreQualDB.presentation","","","",1,1,"","","","CodeableConcept {[]} {[]}
","Presentation","Presentation","","","","","","","","","",,,,,"",,,,"PreQualDB.presentation",1,1,"",""
"PreQualDB.numDoses","PreQualDB.numDoses","","","",0,1,"","","","decimal {[]} {[]}
","Number of doses","Number of doses","","","","","","","","","",,,,,"",,,,"PreQualDB.numDoses",0,1,"",""
"PreQualDB.manufacturer","PreQualDB.manufacturer","","","",1,1,"","","","CodeableConcept {[]} {[]}
","Manufacturer","Manufacturer","","","","","","","","","",,,,,"",,,,"PreQualDB.manufacturer",1,1,"",""
"PreQualDB.responsibleNRA","PreQualDB.responsibleNRA","","","",1,1,"","","","CodeableConcept {[]} {[]}
","Responsible NRA","Responsible NRA","","","","","","","","","",,,,,"",,,,"PreQualDB.responsibleNRA",1,1,"",""
