<?xml version="1.0" encoding="UTF-8"?>

<Organization xmlns="http://hl7.org/fhir">
  <id value="Manufacturer5dc54242e07048dc1f0433b45d61957c"/>
  <meta>
    <profile value="https://profiles.ihe.net/ITI/mCSD/StructureDefinition/IHE.mCSD.Organization"/>
  </meta>
  <text>
    <status value="generated"/><div xmlns="http://www.w3.org/1999/xhtml"><p class="res-header-id"><b>Generated Narrative: Organization Manufacturer5dc54242e07048dc1f0433b45d61957c</b></p><a name="Manufacturer5dc54242e07048dc1f0433b45d61957c"> </a><a name="hcManufacturer5dc54242e07048dc1f0433b45d61957c"> </a><a name="Manufacturer5dc54242e07048dc1f0433b45d61957c-en-US"> </a><p><b>active</b>: true</p><p><b>type</b>: <span title="Codes:{http://terminology.hl7.org/CodeSystem/organization-type other}">Other</span></p><p><b>name</b>: AJ Vaccines A/S</p></div>
  </text>
  <active value="true"/>
  <type>
    <coding>
      <system value="http://terminology.hl7.org/CodeSystem/organization-type"/>
      <code value="other"/>
    </coding>
  </type>
  <name value="AJ Vaccines A/S"/>
</Organization>