<?xml version="1.0" encoding="UTF-8"?>

<Organization xmlns="http://hl7.org/fhir">
  <id value="Manufacturer0f92a4144844f2cd6ed7fe33dc8d7b1c"/>
  <meta>
    <profile value="https://profiles.ihe.net/ITI/mCSD/StructureDefinition/IHE.mCSD.Organization"/>
  </meta>
  <text>
    <status value="generated"/><div xmlns="http://www.w3.org/1999/xhtml"><p class="res-header-id"><b>Generated Narrative: Organization Manufacturer0f92a4144844f2cd6ed7fe33dc8d7b1c</b></p><a name="Manufacturer0f92a4144844f2cd6ed7fe33dc8d7b1c"> </a><a name="hcManufacturer0f92a4144844f2cd6ed7fe33dc8d7b1c"> </a><a name="Manufacturer0f92a4144844f2cd6ed7fe33dc8d7b1c-en-US"> </a><p><b>active</b>: true</p><p><b>type</b>: <span title="Codes:{http://terminology.hl7.org/CodeSystem/organization-type other}">Other</span></p><p><b>name</b>: Pfizer Europe MA EEIG</p></div>
  </text>
  <active value="true"/>
  <type>
    <coding>
      <system value="http://terminology.hl7.org/CodeSystem/organization-type"/>
      <code value="other"/>
    </coding>
  </type>
  <name value="Pfizer Europe MA EEIG"/>
</Organization>