<?xml version="1.0" encoding="UTF-8"?>

<Organization xmlns="http://hl7.org/fhir">
  <id value="Holderce0f4cd586d4fa26a21297b87993de9a"/>
  <meta>
    <profile value="https://profiles.ihe.net/ITI/mCSD/StructureDefinition/IHE.mCSD.Organization"/>
  </meta>
  <text>
    <status value="generated"/><div xmlns="http://www.w3.org/1999/xhtml"><p class="res-header-id"><b>Generated Narrative: Organization Holderce0f4cd586d4fa26a21297b87993de9a</b></p><a name="Holderce0f4cd586d4fa26a21297b87993de9a"> </a><a name="hcHolderce0f4cd586d4fa26a21297b87993de9a"> </a><a name="Holderce0f4cd586d4fa26a21297b87993de9a-en-US"> </a><p><b>active</b>: true</p><p><b>type</b>: <span title="Codes:{http://terminology.hl7.org/CodeSystem/organization-type govt}">Government</span></p><p><b>name</b>: Centro para el Control Estatal de la Calidad de los Medicamentos</p></div>
  </text>
  <active value="true"/>
  <type>
    <coding>
      <system value="http://terminology.hl7.org/CodeSystem/organization-type"/>
      <code value="govt"/>
    </coding>
  </type>
  <name value="Centro para el Control Estatal de la Calidad de los Medicamentos"/>
</Organization>