<?xml version="1.0" encoding="UTF-8"?>

<Organization xmlns="http://hl7.org/fhir">
  <id value="Manufacturerb8f96db637b3f36cdb1416e82e69b306"/>
  <meta>
    <profile value="https://profiles.ihe.net/ITI/mCSD/StructureDefinition/IHE.mCSD.Organization"/>
  </meta>
  <text>
    <status value="generated"/><div xmlns="http://www.w3.org/1999/xhtml"><p class="res-header-id"><b>Generated Narrative: Organization Manufacturerb8f96db637b3f36cdb1416e82e69b306</b></p><a name="Manufacturerb8f96db637b3f36cdb1416e82e69b306"> </a><a name="hcManufacturerb8f96db637b3f36cdb1416e82e69b306"> </a><a name="Manufacturerb8f96db637b3f36cdb1416e82e69b306-en-US"> </a><p><b>active</b>: true</p><p><b>type</b>: <span title="Codes:{http://terminology.hl7.org/CodeSystem/organization-type other}">Other</span></p><p><b>name</b>: Takeda GmbH.</p></div>
  </text>
  <active value="true"/>
  <type>
    <coding>
      <system value="http://terminology.hl7.org/CodeSystem/organization-type"/>
      <code value="other"/>
    </coding>
  </type>
  <name value="Takeda GmbH."/>
</Organization>