<?xml version="1.0" encoding="UTF-8"?>

<Organization xmlns="http://hl7.org/fhir">
  <id value="Manufacturer8c96b2e988e99fecb160f675715f893a"/>
  <meta>
    <profile value="https://profiles.ihe.net/ITI/mCSD/StructureDefinition/IHE.mCSD.Organization"/>
  </meta>
  <text>
    <status value="generated"/><div xmlns="http://www.w3.org/1999/xhtml"><p class="res-header-id"><b>Generated Narrative: Organization Manufacturer8c96b2e988e99fecb160f675715f893a</b></p><a name="Manufacturer8c96b2e988e99fecb160f675715f893a"> </a><a name="hcManufacturer8c96b2e988e99fecb160f675715f893a"> </a><a name="Manufacturer8c96b2e988e99fecb160f675715f893a-en-US"> </a><p><b>active</b>: true</p><p><b>type</b>: <span title="Codes:{http://terminology.hl7.org/CodeSystem/organization-type other}">Other</span></p><p><b>name</b>: Sinovac (Dalian) Vaccine Technology Co., Ltd.</p></div>
  </text>
  <active value="true"/>
  <type>
    <coding>
      <system value="http://terminology.hl7.org/CodeSystem/organization-type"/>
      <code value="other"/>
    </coding>
  </type>
  <name value="Sinovac (Dalian) Vaccine Technology Co., Ltd."/>
</Organization>