<?xml version="1.0" encoding="UTF-8"?>

<Organization xmlns="http://hl7.org/fhir">
  <id value="Manufacturer55274c2798a58a47931eded531726f10"/>
  <meta>
    <profile value="https://profiles.ihe.net/ITI/mCSD/StructureDefinition/IHE.mCSD.Organization"/>
  </meta>
  <text>
    <status value="generated"/><div xmlns="http://www.w3.org/1999/xhtml"><p class="res-header-id"><b>Generated Narrative: Organization Manufacturer55274c2798a58a47931eded531726f10</b></p><a name="Manufacturer55274c2798a58a47931eded531726f10"> </a><a name="hcManufacturer55274c2798a58a47931eded531726f10"> </a><a name="Manufacturer55274c2798a58a47931eded531726f10-en-US"> </a><p><b>active</b>: true</p><p><b>type</b>: <span title="Codes:{http://terminology.hl7.org/CodeSystem/organization-type other}">Other</span></p><p><b>name</b>: Bilthoven Biologicals B.V.</p></div>
  </text>
  <active value="true"/>
  <type>
    <coding>
      <system value="http://terminology.hl7.org/CodeSystem/organization-type"/>
      <code value="other"/>
    </coding>
  </type>
  <name value="Bilthoven Biologicals B.V."/>
</Organization>