<?xml version="1.0" encoding="UTF-8"?>

<Organization xmlns="http://hl7.org/fhir">
  <id value="Holder6237d292dd8018497991076b85cae399"/>
  <meta>
    <profile value="https://profiles.ihe.net/ITI/mCSD/StructureDefinition/IHE.mCSD.Organization"/>
  </meta>
  <text>
    <status value="generated"/><div xmlns="http://www.w3.org/1999/xhtml"><p class="res-header-id"><b>Generated Narrative: Organization Holder6237d292dd8018497991076b85cae399</b></p><a name="Holder6237d292dd8018497991076b85cae399"> </a><a name="hcHolder6237d292dd8018497991076b85cae399"> </a><a name="Holder6237d292dd8018497991076b85cae399-en-US"> </a><p><b>active</b>: true</p><p><b>type</b>: <span title="Codes:{http://terminology.hl7.org/CodeSystem/organization-type govt}">Government</span></p><p><b>name</b>: Health Canada - Santé Canada</p></div>
  </text>
  <active value="true"/>
  <type>
    <coding>
      <system value="http://terminology.hl7.org/CodeSystem/organization-type"/>
      <code value="govt"/>
    </coding>
  </type>
  <name value="Health Canada - Santé Canada"/>
</Organization>