<?xml version="1.0" encoding="UTF-8"?>

<Organization xmlns="http://hl7.org/fhir">
  <id value="Manufacturera5cc87bbf41f05f69cabde633c076a70"/>
  <meta>
    <profile value="https://profiles.ihe.net/ITI/mCSD/StructureDefinition/IHE.mCSD.Organization"/>
  </meta>
  <text>
    <status value="generated"/><div xmlns="http://www.w3.org/1999/xhtml"><p class="res-header-id"><b>Generated Narrative: Organization Manufacturera5cc87bbf41f05f69cabde633c076a70</b></p><a name="Manufacturera5cc87bbf41f05f69cabde633c076a70"> </a><a name="hcManufacturera5cc87bbf41f05f69cabde633c076a70"> </a><a name="Manufacturera5cc87bbf41f05f69cabde633c076a70-en-US"> </a><p><b>active</b>: true</p><p><b>type</b>: <span title="Codes:{http://terminology.hl7.org/CodeSystem/organization-type other}">Other</span></p><p><b>name</b>: Xiamen Innovax Biotech Co. Ltd.</p></div>
  </text>
  <active value="true"/>
  <type>
    <coding>
      <system value="http://terminology.hl7.org/CodeSystem/organization-type"/>
      <code value="other"/>
    </coding>
  </type>
  <name value="Xiamen Innovax Biotech Co. Ltd."/>
</Organization>