<?xml version="1.0" encoding="UTF-8"?>

<Organization xmlns="http://hl7.org/fhir">
  <id value="Holderf79f23b4c5122fd96b2c87cc385157fc"/>
  <meta>
    <profile value="https://profiles.ihe.net/ITI/mCSD/StructureDefinition/IHE.mCSD.Organization"/>
  </meta>
  <text>
    <status value="generated"/><div xmlns="http://www.w3.org/1999/xhtml"><p class="res-header-id"><b>Generated Narrative: Organization Holderf79f23b4c5122fd96b2c87cc385157fc</b></p><a name="Holderf79f23b4c5122fd96b2c87cc385157fc"> </a><a name="hcHolderf79f23b4c5122fd96b2c87cc385157fc"> </a><a name="Holderf79f23b4c5122fd96b2c87cc385157fc-en-US"> </a><p><b>active</b>: true</p><p><b>type</b>: <span title="Codes:{http://terminology.hl7.org/CodeSystem/organization-type govt}">Government</span></p><p><b>name</b>: Central Drugs Standard Control Organization</p></div>
  </text>
  <active value="true"/>
  <type>
    <coding>
      <system value="http://terminology.hl7.org/CodeSystem/organization-type"/>
      <code value="govt"/>
    </coding>
  </type>
  <name value="Central Drugs Standard Control Organization"/>
</Organization>