<?xml version="1.0" encoding="UTF-8"?>

<Organization xmlns="http://hl7.org/fhir">
  <id value="Manufactureraaca2980acaa19a41085d36efc6a5a84"/>
  <meta>
    <profile value="https://profiles.ihe.net/ITI/mCSD/StructureDefinition/IHE.mCSD.Organization"/>
  </meta>
  <text>
    <status value="generated"/><div xmlns="http://www.w3.org/1999/xhtml"><p class="res-header-id"><b>Generated Narrative: Organization Manufactureraaca2980acaa19a41085d36efc6a5a84</b></p><a name="Manufactureraaca2980acaa19a41085d36efc6a5a84"> </a><a name="hcManufactureraaca2980acaa19a41085d36efc6a5a84"> </a><a name="Manufactureraaca2980acaa19a41085d36efc6a5a84-en-US"> </a><p><b>active</b>: true</p><p><b>type</b>: <span title="Codes:{http://terminology.hl7.org/CodeSystem/organization-type other}">Other</span></p><p><b>name</b>: Abbott Biologicals BV</p></div>
  </text>
  <active value="true"/>
  <type>
    <coding>
      <system value="http://terminology.hl7.org/CodeSystem/organization-type"/>
      <code value="other"/>
    </coding>
  </type>
  <name value="Abbott Biologicals BV"/>
</Organization>