<?xml version="1.0" encoding="UTF-8"?>

<Organization xmlns="http://hl7.org/fhir">
  <id value="Manufacturerd90d3c2e85175f2d2bde5bd3ff4f83e3"/>
  <meta>
    <profile value="https://profiles.ihe.net/ITI/mCSD/StructureDefinition/IHE.mCSD.Organization"/>
  </meta>
  <text>
    <status value="generated"/><div xmlns="http://www.w3.org/1999/xhtml"><p class="res-header-id"><b>Generated Narrative: Organization Manufacturerd90d3c2e85175f2d2bde5bd3ff4f83e3</b></p><a name="Manufacturerd90d3c2e85175f2d2bde5bd3ff4f83e3"> </a><a name="hcManufacturerd90d3c2e85175f2d2bde5bd3ff4f83e3"> </a><a name="Manufacturerd90d3c2e85175f2d2bde5bd3ff4f83e3-en-US"> </a><p><b>active</b>: true</p><p><b>type</b>: <span title="Codes:{http://terminology.hl7.org/CodeSystem/organization-type other}">Other</span></p><p><b>name</b>: Instituto Butantan</p></div>
  </text>
  <active value="true"/>
  <type>
    <coding>
      <system value="http://terminology.hl7.org/CodeSystem/organization-type"/>
      <code value="other"/>
    </coding>
  </type>
  <name value="Instituto Butantan"/>
</Organization>