<?xml version="1.0" encoding="UTF-8"?>

<Organization xmlns="http://hl7.org/fhir">
  <id value="Manufacturere6f45c0f69a7b4cecd7421c4515ea3c5"/>
  <meta>
    <profile value="https://profiles.ihe.net/ITI/mCSD/StructureDefinition/IHE.mCSD.Organization"/>
  </meta>
  <text>
    <status value="generated"/><div xmlns="http://www.w3.org/1999/xhtml"><p class="res-header-id"><b>Generated Narrative: Organization Manufacturere6f45c0f69a7b4cecd7421c4515ea3c5</b></p><a name="Manufacturere6f45c0f69a7b4cecd7421c4515ea3c5"> </a><a name="hcManufacturere6f45c0f69a7b4cecd7421c4515ea3c5"> </a><a name="Manufacturere6f45c0f69a7b4cecd7421c4515ea3c5-en-US"> </a><p><b>active</b>: true</p><p><b>type</b>: <span title="Codes:{http://terminology.hl7.org/CodeSystem/organization-type other}">Other</span></p><p><b>name</b>: Sanofi Pasteur</p></div>
  </text>
  <active value="true"/>
  <type>
    <coding>
      <system value="http://terminology.hl7.org/CodeSystem/organization-type"/>
      <code value="other"/>
    </coding>
  </type>
  <name value="Sanofi Pasteur"/>
</Organization>