<?xml version="1.0" encoding="UTF-8"?>

<Organization xmlns="http://hl7.org/fhir">
  <id value="Manufacturer8b73ac0f00c49a2623f9e9aee2c60cad"/>
  <meta>
    <profile value="https://profiles.ihe.net/ITI/mCSD/StructureDefinition/IHE.mCSD.Organization"/>
  </meta>
  <text>
    <status value="generated"/><div xmlns="http://www.w3.org/1999/xhtml"><p class="res-header-id"><b>Generated Narrative: Organization Manufacturer8b73ac0f00c49a2623f9e9aee2c60cad</b></p><a name="Manufacturer8b73ac0f00c49a2623f9e9aee2c60cad"> </a><a name="hcManufacturer8b73ac0f00c49a2623f9e9aee2c60cad"> </a><a name="Manufacturer8b73ac0f00c49a2623f9e9aee2c60cad-en-US"> </a><p><b>active</b>: true</p><p><b>type</b>: <span title="Codes:{http://terminology.hl7.org/CodeSystem/organization-type other}">Other</span></p><p><b>name</b>: Chengdu Institute of Biological Products Co.,Ltd</p></div>
  </text>
  <active value="true"/>
  <type>
    <coding>
      <system value="http://terminology.hl7.org/CodeSystem/organization-type"/>
      <code value="other"/>
    </coding>
  </type>
  <name value="Chengdu Institute of Biological Products Co.,Ltd"/>
</Organization>