<?xml version="1.0" encoding="UTF-8"?>

<Organization xmlns="http://hl7.org/fhir">
  <id value="Manufacturer0ac2fc7e2f3857eea1bd0d6fe3e1e432"/>
  <meta>
    <profile value="https://profiles.ihe.net/ITI/mCSD/StructureDefinition/IHE.mCSD.Organization"/>
  </meta>
  <text>
    <status value="generated"/><div xmlns="http://www.w3.org/1999/xhtml"><p class="res-header-id"><b>Generated Narrative: Organization Manufacturer0ac2fc7e2f3857eea1bd0d6fe3e1e432</b></p><a name="Manufacturer0ac2fc7e2f3857eea1bd0d6fe3e1e432"> </a><a name="hcManufacturer0ac2fc7e2f3857eea1bd0d6fe3e1e432"> </a><a name="Manufacturer0ac2fc7e2f3857eea1bd0d6fe3e1e432-en-US"> </a><p><b>active</b>: true</p><p><b>type</b>: <span title="Codes:{http://terminology.hl7.org/CodeSystem/organization-type other}">Other</span></p><p><b>name</b>: GC Biopharma Corp.</p></div>
  </text>
  <active value="true"/>
  <type>
    <coding>
      <system value="http://terminology.hl7.org/CodeSystem/organization-type"/>
      <code value="other"/>
    </coding>
  </type>
  <name value="GC Biopharma Corp."/>
</Organization>