<?xml version="1.0" encoding="UTF-8"?>

<Organization xmlns="http://hl7.org/fhir">
  <id value="Holdere0e3ed9114ce62feea705c24aceb2ee2"/>
  <meta>
    <profile value="https://profiles.ihe.net/ITI/mCSD/StructureDefinition/IHE.mCSD.Organization"/>
  </meta>
  <text>
    <status value="generated"/><div xmlns="http://www.w3.org/1999/xhtml"><p class="res-header-id"><b>Generated Narrative: Organization Holdere0e3ed9114ce62feea705c24aceb2ee2</b></p><a name="Holdere0e3ed9114ce62feea705c24aceb2ee2"> </a><a name="hcHoldere0e3ed9114ce62feea705c24aceb2ee2"> </a><a name="Holdere0e3ed9114ce62feea705c24aceb2ee2-en-US"> </a><p><b>active</b>: true</p><p><b>type</b>: <span title="Codes:{http://terminology.hl7.org/CodeSystem/organization-type govt}">Government</span></p><p><b>name</b>: Federal Agency for Medicines and Health Products</p></div>
  </text>
  <active value="true"/>
  <type>
    <coding>
      <system value="http://terminology.hl7.org/CodeSystem/organization-type"/>
      <code value="govt"/>
    </coding>
  </type>
  <name value="Federal Agency for Medicines and Health Products"/>
</Organization>