<?xml version="1.0" encoding="UTF-8"?>

<Organization xmlns="http://hl7.org/fhir">
  <id value="Manufactureraca8ee84737803adc7e1b19a498b8fb9"/>
  <meta>
    <profile value="https://profiles.ihe.net/ITI/mCSD/StructureDefinition/IHE.mCSD.Organization"/>
  </meta>
  <text>
    <status value="generated"/><div xmlns="http://www.w3.org/1999/xhtml"><p class="res-header-id"><b>Generated Narrative: Organization Manufactureraca8ee84737803adc7e1b19a498b8fb9</b></p><a name="Manufactureraca8ee84737803adc7e1b19a498b8fb9"> </a><a name="hcManufactureraca8ee84737803adc7e1b19a498b8fb9"> </a><a name="Manufactureraca8ee84737803adc7e1b19a498b8fb9-en-US"> </a><p><b>active</b>: true</p><p><b>type</b>: <span title="Codes:{http://terminology.hl7.org/CodeSystem/organization-type other}">Other</span></p><p><b>name</b>: Janssen Cilag International N.V.</p></div>
  </text>
  <active value="true"/>
  <type>
    <coding>
      <system value="http://terminology.hl7.org/CodeSystem/organization-type"/>
      <code value="other"/>
    </coding>
  </type>
  <name value="Janssen Cilag International N.V."/>
</Organization>