<?xml version="1.0" encoding="UTF-8"?>

<Organization xmlns="http://hl7.org/fhir">
  <id value="Holder9d7db6151eea8bf9048690e4b4504c90"/>
  <meta>
    <profile value="https://profiles.ihe.net/ITI/mCSD/StructureDefinition/IHE.mCSD.Organization"/>
  </meta>
  <text>
    <status value="generated"/><div xmlns="http://www.w3.org/1999/xhtml"><p class="res-header-id"><b>Generated Narrative: Organization Holder9d7db6151eea8bf9048690e4b4504c90</b></p><a name="Holder9d7db6151eea8bf9048690e4b4504c90"> </a><a name="hcHolder9d7db6151eea8bf9048690e4b4504c90"> </a><a name="Holder9d7db6151eea8bf9048690e4b4504c90-en-US"> </a><p><b>active</b>: true</p><p><b>type</b>: <span title="Codes:{http://terminology.hl7.org/CodeSystem/organization-type govt}">Government</span></p><p><b>name</b>: CBER/FDA</p></div>
  </text>
  <active value="true"/>
  <type>
    <coding>
      <system value="http://terminology.hl7.org/CodeSystem/organization-type"/>
      <code value="govt"/>
    </coding>
  </type>
  <name value="CBER/FDA"/>
</Organization>