<?xml version="1.0" encoding="UTF-8"?>

<Organization xmlns="http://hl7.org/fhir">
  <id value="Holder2249658a617cfcc38ca334756748dcd0"/>
  <meta>
    <profile value="https://profiles.ihe.net/ITI/mCSD/StructureDefinition/IHE.mCSD.Organization"/>
  </meta>
  <text>
    <status value="generated"/><div xmlns="http://www.w3.org/1999/xhtml"><p class="res-header-id"><b>Generated Narrative: Organization Holder2249658a617cfcc38ca334756748dcd0</b></p><a name="Holder2249658a617cfcc38ca334756748dcd0"> </a><a name="hcHolder2249658a617cfcc38ca334756748dcd0"> </a><a name="Holder2249658a617cfcc38ca334756748dcd0-en-US"> </a><p><b>active</b>: true</p><p><b>type</b>: <span title="Codes:{http://terminology.hl7.org/CodeSystem/organization-type govt}">Government</span></p><p><b>name</b>: Bulgarian Drug Agency</p></div>
  </text>
  <active value="true"/>
  <type>
    <coding>
      <system value="http://terminology.hl7.org/CodeSystem/organization-type"/>
      <code value="govt"/>
    </coding>
  </type>
  <name value="Bulgarian Drug Agency"/>
</Organization>