<?xml version="1.0" encoding="UTF-8"?>

<Organization xmlns="http://hl7.org/fhir">
  <id value="Holderba27f505e9f51f464d1a574696de85c5"/>
  <meta>
    <profile value="https://profiles.ihe.net/ITI/mCSD/StructureDefinition/IHE.mCSD.Organization"/>
  </meta>
  <text>
    <status value="generated"/><div xmlns="http://www.w3.org/1999/xhtml"><p class="res-header-id"><b>Generated Narrative: Organization Holderba27f505e9f51f464d1a574696de85c5</b></p><a name="Holderba27f505e9f51f464d1a574696de85c5"> </a><a name="hcHolderba27f505e9f51f464d1a574696de85c5"> </a><a name="Holderba27f505e9f51f464d1a574696de85c5-en-US"> </a><p><b>active</b>: true</p><p><b>type</b>: <span title="Codes:{http://terminology.hl7.org/CodeSystem/organization-type govt}">Government</span></p><p><b>name</b>: Medicines Evaluation Board (MEB)</p></div>
  </text>
  <active value="true"/>
  <type>
    <coding>
      <system value="http://terminology.hl7.org/CodeSystem/organization-type"/>
      <code value="govt"/>
    </coding>
  </type>
  <name value="Medicines Evaluation Board (MEB)"/>
</Organization>