<?xml version="1.0" encoding="UTF-8"?>

<Organization xmlns="http://hl7.org/fhir">
  <id value="Manufacturercb2d11a53a6d9504a6a08ab51b9aabe7"/>
  <meta>
    <profile value="https://profiles.ihe.net/ITI/mCSD/StructureDefinition/IHE.mCSD.Organization"/>
  </meta>
  <text>
    <status value="generated"/><div xmlns="http://www.w3.org/1999/xhtml"><p class="res-header-id"><b>Generated Narrative: Organization Manufacturercb2d11a53a6d9504a6a08ab51b9aabe7</b></p><a name="Manufacturercb2d11a53a6d9504a6a08ab51b9aabe7"> </a><a name="hcManufacturercb2d11a53a6d9504a6a08ab51b9aabe7"> </a><a name="Manufacturercb2d11a53a6d9504a6a08ab51b9aabe7-en-US"> </a><p><b>active</b>: true</p><p><b>type</b>: <span title="Codes:{http://terminology.hl7.org/CodeSystem/organization-type other}">Other</span></p><p><b>name</b>: EuBiologics Co., Ltd.</p></div>
  </text>
  <active value="true"/>
  <type>
    <coding>
      <system value="http://terminology.hl7.org/CodeSystem/organization-type"/>
      <code value="other"/>
    </coding>
  </type>
  <name value="EuBiologics Co., Ltd."/>
</Organization>