<?xml version="1.0" encoding="UTF-8"?>

<Organization xmlns="http://hl7.org/fhir">
  <id value="Manufacturer23f34f1a92ebdeb8c55ddd34c31ad564"/>
  <meta>
    <profile value="https://profiles.ihe.net/ITI/mCSD/StructureDefinition/IHE.mCSD.Organization"/>
  </meta>
  <text>
    <status value="generated"/><div xmlns="http://www.w3.org/1999/xhtml"><p class="res-header-id"><b>Generated Narrative: Organization Manufacturer23f34f1a92ebdeb8c55ddd34c31ad564</b></p><a name="Manufacturer23f34f1a92ebdeb8c55ddd34c31ad564"> </a><a name="hcManufacturer23f34f1a92ebdeb8c55ddd34c31ad564"> </a><a name="Manufacturer23f34f1a92ebdeb8c55ddd34c31ad564-en-US"> </a><p><b>active</b>: true</p><p><b>type</b>: <span title="Codes:{http://terminology.hl7.org/CodeSystem/organization-type other}">Other</span></p><p><b>name</b>: Bharat Biotech International Limited</p></div>
  </text>
  <active value="true"/>
  <type>
    <coding>
      <system value="http://terminology.hl7.org/CodeSystem/organization-type"/>
      <code value="other"/>
    </coding>
  </type>
  <name value="Bharat Biotech International Limited"/>
</Organization>