<?xml version="1.0" encoding="UTF-8"?>

<Organization xmlns="http://hl7.org/fhir">
  <id value="Manufacturer764b91fadf395103d4ce901372cc0882"/>
  <meta>
    <profile value="https://profiles.ihe.net/ITI/mCSD/StructureDefinition/IHE.mCSD.Organization"/>
  </meta>
  <text>
    <status value="generated"/><div xmlns="http://www.w3.org/1999/xhtml"><p class="res-header-id"><b>Generated Narrative: Organization Manufacturer764b91fadf395103d4ce901372cc0882</b></p><a name="Manufacturer764b91fadf395103d4ce901372cc0882"> </a><a name="hcManufacturer764b91fadf395103d4ce901372cc0882"> </a><a name="Manufacturer764b91fadf395103d4ce901372cc0882-en-US"> </a><p><b>active</b>: true</p><p><b>type</b>: <span title="Codes:{http://terminology.hl7.org/CodeSystem/organization-type other}">Other</span></p><p><b>name</b>: Merck Sharp &amp; Dohme LLC</p></div>
  </text>
  <active value="true"/>
  <type>
    <coding>
      <system value="http://terminology.hl7.org/CodeSystem/organization-type"/>
      <code value="other"/>
    </coding>
  </type>
  <name value="Merck Sharp &amp; Dohme LLC"/>
</Organization>