<?xml version="1.0" encoding="UTF-8"?>

<Organization xmlns="http://hl7.org/fhir">
  <id value="Manufacturer63659ae1ce5592ff2ebd6cd35241e1f4"/>
  <meta>
    <profile value="https://profiles.ihe.net/ITI/mCSD/StructureDefinition/IHE.mCSD.Organization"/>
  </meta>
  <text>
    <status value="generated"/><div xmlns="http://www.w3.org/1999/xhtml"><p class="res-header-id"><b>Generated Narrative: Organization Manufacturer63659ae1ce5592ff2ebd6cd35241e1f4</b></p><a name="Manufacturer63659ae1ce5592ff2ebd6cd35241e1f4"> </a><a name="hcManufacturer63659ae1ce5592ff2ebd6cd35241e1f4"> </a><a name="Manufacturer63659ae1ce5592ff2ebd6cd35241e1f4-en-US"> </a><p><b>active</b>: true</p><p><b>type</b>: <span title="Codes:{http://terminology.hl7.org/CodeSystem/organization-type other}">Other</span></p><p><b>name</b>: Hualan Biological Bacterin Inc.</p></div>
  </text>
  <active value="true"/>
  <type>
    <coding>
      <system value="http://terminology.hl7.org/CodeSystem/organization-type"/>
      <code value="other"/>
    </coding>
  </type>
  <name value="Hualan Biological Bacterin Inc."/>
</Organization>