<?xml version="1.0" encoding="UTF-8"?>

<Organization xmlns="http://hl7.org/fhir">
  <id value="Manufacturer809ba2c9dd16700daf4b638fb948b814"/>
  <meta>
    <profile value="https://profiles.ihe.net/ITI/mCSD/StructureDefinition/IHE.mCSD.Organization"/>
  </meta>
  <text>
    <status value="generated"/><div xmlns="http://www.w3.org/1999/xhtml"><p class="res-header-id"><b>Generated Narrative: Organization Manufacturer809ba2c9dd16700daf4b638fb948b814</b></p><a name="Manufacturer809ba2c9dd16700daf4b638fb948b814"> </a><a name="hcManufacturer809ba2c9dd16700daf4b638fb948b814"> </a><a name="Manufacturer809ba2c9dd16700daf4b638fb948b814-en-US"> </a><p><b>active</b>: true</p><p><b>type</b>: <span title="Codes:{http://terminology.hl7.org/CodeSystem/organization-type other}">Other</span></p><p><b>name</b>: GreenSignal Bio Pharma Pvt Limited</p></div>
  </text>
  <active value="true"/>
  <type>
    <coding>
      <system value="http://terminology.hl7.org/CodeSystem/organization-type"/>
      <code value="other"/>
    </coding>
  </type>
  <name value="GreenSignal Bio Pharma Pvt Limited"/>
</Organization>