<?xml version="1.0" encoding="UTF-8"?>

<Organization xmlns="http://hl7.org/fhir">
  <id value="Holderff846f1753a67d1fcaa62a05358b9ff4"/>
  <meta>
    <profile value="https://profiles.ihe.net/ITI/mCSD/StructureDefinition/IHE.mCSD.Organization"/>
  </meta>
  <text>
    <status value="generated"/><div xmlns="http://www.w3.org/1999/xhtml"><p class="res-header-id"><b>Generated Narrative: Organization Holderff846f1753a67d1fcaa62a05358b9ff4</b></p><a name="Holderff846f1753a67d1fcaa62a05358b9ff4"> </a><a name="hcHolderff846f1753a67d1fcaa62a05358b9ff4"> </a><a name="Holderff846f1753a67d1fcaa62a05358b9ff4-en-US"> </a><p><b>active</b>: true</p><p><b>type</b>: <span title="Codes:{http://terminology.hl7.org/CodeSystem/organization-type govt}">Government</span></p><p><b>name</b>: Thai Food and Drug Administration</p></div>
  </text>
  <active value="true"/>
  <type>
    <coding>
      <system value="http://terminology.hl7.org/CodeSystem/organization-type"/>
      <code value="govt"/>
    </coding>
  </type>
  <name value="Thai Food and Drug Administration"/>
</Organization>