<?xml version="1.0" encoding="UTF-8"?>

<Organization xmlns="http://hl7.org/fhir">
  <id value="Manufacturer00bfdffd8d8dbe60aabda0191bb814ec"/>
  <meta>
    <profile value="https://profiles.ihe.net/ITI/mCSD/StructureDefinition/IHE.mCSD.Organization"/>
  </meta>
  <text>
    <status value="generated"/><div xmlns="http://www.w3.org/1999/xhtml"><p class="res-header-id"><b>Generated Narrative: Organization Manufacturer00bfdffd8d8dbe60aabda0191bb814ec</b></p><a name="Manufacturer00bfdffd8d8dbe60aabda0191bb814ec"> </a><a name="hcManufacturer00bfdffd8d8dbe60aabda0191bb814ec"> </a><a name="Manufacturer00bfdffd8d8dbe60aabda0191bb814ec-en-US"> </a><p><b>active</b>: true</p><p><b>type</b>: <span title="Codes:{http://terminology.hl7.org/CodeSystem/organization-type other}">Other</span></p><p><b>name</b>: SK Bioscience Co., Ltd.</p></div>
  </text>
  <active value="true"/>
  <type>
    <coding>
      <system value="http://terminology.hl7.org/CodeSystem/organization-type"/>
      <code value="other"/>
    </coding>
  </type>
  <name value="SK Bioscience Co., Ltd."/>
</Organization>