<?xml version="1.0" encoding="UTF-8"?>

<Organization xmlns="http://hl7.org/fhir">
  <id value="Manufacturer42565af3e1da9c8e2b48128dd0b2b292"/>
  <meta>
    <profile value="https://profiles.ihe.net/ITI/mCSD/StructureDefinition/IHE.mCSD.Organization"/>
  </meta>
  <text>
    <status value="generated"/><div xmlns="http://www.w3.org/1999/xhtml"><p class="res-header-id"><b>Generated Narrative: Organization Manufacturer42565af3e1da9c8e2b48128dd0b2b292</b></p><a name="Manufacturer42565af3e1da9c8e2b48128dd0b2b292"> </a><a name="hcManufacturer42565af3e1da9c8e2b48128dd0b2b292"> </a><a name="Manufacturer42565af3e1da9c8e2b48128dd0b2b292-en-US"> </a><p><b>active</b>: true</p><p><b>type</b>: <span title="Codes:{http://terminology.hl7.org/CodeSystem/organization-type other}">Other</span></p><p><b>name</b>: Haffkine Bio Pharmaceutical Corporation Ltd</p></div>
  </text>
  <active value="true"/>
  <type>
    <coding>
      <system value="http://terminology.hl7.org/CodeSystem/organization-type"/>
      <code value="other"/>
    </coding>
  </type>
  <name value="Haffkine Bio Pharmaceutical Corporation Ltd"/>
</Organization>