<?xml version="1.0" encoding="UTF-8"?>

<Organization xmlns="http://hl7.org/fhir">
  <id value="Manufacturerfea9c0b58ceb56b0d925a05e74377afb"/>
  <meta>
    <profile value="https://profiles.ihe.net/ITI/mCSD/StructureDefinition/IHE.mCSD.Organization"/>
  </meta>
  <text>
    <status value="generated"/><div xmlns="http://www.w3.org/1999/xhtml"><p class="res-header-id"><b>Generated Narrative: Organization Manufacturerfea9c0b58ceb56b0d925a05e74377afb</b></p><a name="Manufacturerfea9c0b58ceb56b0d925a05e74377afb"> </a><a name="hcManufacturerfea9c0b58ceb56b0d925a05e74377afb"> </a><a name="Manufacturerfea9c0b58ceb56b0d925a05e74377afb-en-US"> </a><p><b>active</b>: true</p><p><b>type</b>: <span title="Codes:{http://terminology.hl7.org/CodeSystem/organization-type other}">Other</span></p><p><b>name</b>: Panacea Biotec Ltd.</p></div>
  </text>
  <active value="true"/>
  <type>
    <coding>
      <system value="http://terminology.hl7.org/CodeSystem/organization-type"/>
      <code value="other"/>
    </coding>
  </type>
  <name value="Panacea Biotec Ltd."/>
</Organization>