<?xml version="1.0" encoding="UTF-8"?>

<Organization xmlns="http://hl7.org/fhir">
  <id value="Holder2df14aa8a419a11f1b47bb8c2a82636c"/>
  <meta>
    <profile value="https://profiles.ihe.net/ITI/mCSD/StructureDefinition/IHE.mCSD.Organization"/>
  </meta>
  <text>
    <status value="generated"/><div xmlns="http://www.w3.org/1999/xhtml"><p class="res-header-id"><b>Generated Narrative: Organization Holder2df14aa8a419a11f1b47bb8c2a82636c</b></p><a name="Holder2df14aa8a419a11f1b47bb8c2a82636c"> </a><a name="hcHolder2df14aa8a419a11f1b47bb8c2a82636c"> </a><a name="Holder2df14aa8a419a11f1b47bb8c2a82636c-en-US"> </a><p><b>active</b>: true</p><p><b>type</b>: <span title="Codes:{http://terminology.hl7.org/CodeSystem/organization-type govt}">Government</span></p><p><b>name</b>: US Food and Drug Administration- Office of Vaccine Research and Review</p></div>
  </text>
  <active value="true"/>
  <type>
    <coding>
      <system value="http://terminology.hl7.org/CodeSystem/organization-type"/>
      <code value="govt"/>
    </coding>
  </type>
  <name value="US Food and Drug Administration- Office of Vaccine Research and Review"/>
</Organization>