<?xml version="1.0" encoding="UTF-8"?>

<ValueSet xmlns="http://hl7.org/fhir">
  <id value="PreQualProductIds"/>
  <text>
    <status value="generated"/><div xmlns="http://www.w3.org/1999/xhtml"><p class="res-header-id"><b>Generated Narrative: ValueSet PreQualProductIds</b></p><a name="PreQualProductIds"> </a><a name="hcPreQualProductIds"> </a><a name="PreQualProductIds-en-US"> </a><ul><li>Include all codes defined in <a href="CodeSystem-PreQualProductIds.html"><code>http://smart.who.int/pcmt-vaxprequal/CodeSystem/PreQualProductIds</code></a></li></ul></div>
  </text>
  <url value="http://smart.who.int/pcmt-vaxprequal/ValueSet/PreQualProductIds"/>
  <version value="0.1.0"/>
  <name value="PreQualProductIds"/>
  <title value="WHO PreQualificaiton Vaccine Product Ids"/>
  <status value="draft"/>
  <date value="2025-02-10T10:00:25+00:00"/>
  <publisher value="WHO"/>
  <contact>
    <name value="WHO"/>
    <telecom>
      <system value="url"/>
      <value value="http://who.int"/>
    </telecom>
  </contact>
  <description value="WHO PreQualificaiton Vaccine Product Ids"/>
  <compose>
    <include>
      <system value="http://smart.who.int/pcmt-vaxprequal/CodeSystem/PreQualProductIds"/>
    </include>
  </compose>
</ValueSet>