<?xml version="1.0" encoding="UTF-8"?><CodeSystem xmlns="http://hl7.org/fhir"><id value="PreQualVaccineType"/><text><status value="generated"/><div xmlns="http://www.w3.org/1999/xhtml"><p class="res-header-id"><b>Generated Narrative: CodeSystem PreQualVaccineType</b></p><a name="PreQualVaccineType"> </a><a name="hcPreQualVaccineType"> </a><a name="PreQualVaccineType-en-US"> </a><p>This  code system <code>http://smart.who.int/pcmt-vaxprequal/CodeSystem/PreQualVaccineType</code> defines the following codes:</p><table class="codes"><tr><td style="white-space:nowrap"><b>Code</b></td><td><b>Display</b></td></tr><tr><td style="white-space:nowrap">BCG<a name="PreQualVaccineType-BCG"> </a></td><td>BCG</td></tr><tr><td style="white-space:nowrap">Covid19<a name="PreQualVaccineType-Covid19"> </a></td><td>Covid-19</td></tr><tr><td style="white-space:nowrap">DengueTetravalentliveattenuated<a name="PreQualVaccineType-DengueTetravalentliveattenuated"> </a></td><td>Dengue Tetravalent (live, attenuated)</td></tr><tr><td style="white-space:nowrap">DiphtheriaTetanus<a name="PreQualVaccineType-DiphtheriaTetanus"> </a></td><td>Diphtheria-Tetanus</td></tr><tr><td style="white-space:nowrap">DiphtheriaTetanusreducedantigencontent<a name="PreQualVaccineType-DiphtheriaTetanusreducedantigencontent"> </a></td><td>Diphtheria-Tetanus (reduced antigen content)</td></tr><tr><td style="white-space:nowrap">DiphtheriaTetanusPertussisacellular<a name="PreQualVaccineType-DiphtheriaTetanusPertussisacellular"> </a></td><td>Diphtheria-Tetanus-Pertussis (acellular)</td></tr><tr><td style="white-space:nowrap">DiphtheriaTetanusPertussisacellularHepatitisBHaemophilusinfluenzaetypebPolioInactivated<a name="PreQualVaccineType-DiphtheriaTetanusPertussisacellularHepatitisBHaemophilusinfluenzaetypebPolioInactivated"> </a></td><td>Diphtheria-Tetanus-Pertussis (acellular)-Hepatitis B-Haemophilus influenzae type b-Polio (Inactivated)</td></tr><tr><td style="white-space:nowrap">DiphtheriaTetanusPertussiswholecell<a name="PreQualVaccineType-DiphtheriaTetanusPertussiswholecell"> </a></td><td>Diphtheria-Tetanus-Pertussis (whole cell)</td></tr><tr><td style="white-space:nowrap">DiphtheriaTetanusPertussiswholecellHaemophilusinfluenzaetypeb<a name="PreQualVaccineType-DiphtheriaTetanusPertussiswholecellHaemophilusinfluenzaetypeb"> </a></td><td>Diphtheria-Tetanus-Pertussis (whole cell)-Haemophilus influenzae type b</td></tr><tr><td style="white-space:nowrap">DiphtheriaTetanusPertussiswholecellHepatitisBHaemophilusinfluenzaetypeb<a name="PreQualVaccineType-DiphtheriaTetanusPertussiswholecellHepatitisBHaemophilusinfluenzaetypeb"> </a></td><td>Diphtheria-Tetanus-Pertussis (whole cell)-Hepatitis B-Haemophilus influenzae type b</td></tr><tr><td style="white-space:nowrap">DiphtheriaTetanusPertussiswholecellHepatitisBHaemophilusinfluenzaetypebPolioInactivated<a name="PreQualVaccineType-DiphtheriaTetanusPertussiswholecellHepatitisBHaemophilusinfluenzaetypebPolioInactivated"> </a></td><td>Diphtheria-Tetanus-Pertussis (whole cell)-Hepatitis B-Haemophilus influenzae type b-Polio (Inactivated)</td></tr><tr><td style="white-space:nowrap">EbolaZairerVSVGZEBOVGPliveattenuated<a name="PreQualVaccineType-EbolaZairerVSVGZEBOVGPliveattenuated"> </a></td><td>Ebola Zaire (rVSV∆G-ZEBOV-GP, live attenuated)</td></tr><tr><td style="white-space:nowrap">EbolavaccineAd26ZEBOVGPrecombinant<a name="PreQualVaccineType-EbolavaccineAd26ZEBOVGPrecombinant"> </a></td><td>Ebola vaccine (Ad26.ZEBOV-GP [recombinant])</td></tr><tr><td style="white-space:nowrap">EbolavaccineMVABNFilorecombinant<a name="PreQualVaccineType-EbolavaccineMVABNFilorecombinant"> </a></td><td>Ebola vaccine (MVA-BN-Filo [recombinant])</td></tr><tr><td style="white-space:nowrap">Haemophilusinfluenzaetypeb<a name="PreQualVaccineType-Haemophilusinfluenzaetypeb"> </a></td><td>Haemophilus influenzae type b</td></tr><tr><td style="white-space:nowrap">HepatitisAHumanDiploidCellInactivatedAdult<a name="PreQualVaccineType-HepatitisAHumanDiploidCellInactivatedAdult"> </a></td><td>Hepatitis A (Human Diploid Cell), Inactivated (Adult)</td></tr><tr><td style="white-space:nowrap">HepatitisAHumanDiploidCellInactivatedPaediatric<a name="PreQualVaccineType-HepatitisAHumanDiploidCellInactivatedPaediatric"> </a></td><td>Hepatitis A (Human Diploid Cell), Inactivated (Paediatric)</td></tr><tr><td style="white-space:nowrap">HepatitisB<a name="PreQualVaccineType-HepatitisB"> </a></td><td>Hepatitis B</td></tr><tr><td style="white-space:nowrap">HepatitisBPaediatric<a name="PreQualVaccineType-HepatitisBPaediatric"> </a></td><td>Hepatitis B (Paediatric)</td></tr><tr><td style="white-space:nowrap">HumanPapillomavirusBivalent<a name="PreQualVaccineType-HumanPapillomavirusBivalent"> </a></td><td>Human Papillomavirus (Bivalent)</td></tr><tr><td style="white-space:nowrap">HumanPapillomavirusNinevalent<a name="PreQualVaccineType-HumanPapillomavirusNinevalent"> </a></td><td>Human Papillomavirus (Ninevalent)</td></tr><tr><td style="white-space:nowrap">HumanPapillomavirusQuadrivalent<a name="PreQualVaccineType-HumanPapillomavirusQuadrivalent"> </a></td><td>Human Papillomavirus (Quadrivalent)</td></tr><tr><td style="white-space:nowrap">InfluenzaPandemicH1N1<a name="PreQualVaccineType-InfluenzaPandemicH1N1"> </a></td><td>Influenza, Pandemic (H1N1)</td></tr><tr><td style="white-space:nowrap">InfluenzaPandemicH5N1<a name="PreQualVaccineType-InfluenzaPandemicH5N1"> </a></td><td>Influenza, Pandemic (H5N1)</td></tr><tr><td style="white-space:nowrap">InfluenzaseasonalQuadrivalent<a name="PreQualVaccineType-InfluenzaseasonalQuadrivalent"> </a></td><td>Influenza, seasonal (Quadrivalent)</td></tr><tr><td style="white-space:nowrap">InfluenzaseasonalTrivalent<a name="PreQualVaccineType-InfluenzaseasonalTrivalent"> </a></td><td>Influenza, seasonal (Trivalent)</td></tr><tr><td style="white-space:nowrap">JapaneseEncephalitisVaccineInactivated3µgPediatric<a name="PreQualVaccineType-JapaneseEncephalitisVaccineInactivated3.181gPediatric"> </a></td><td>Japanese Encephalitis Vaccine (Inactivated) (3µg Pediatric)</td></tr><tr><td style="white-space:nowrap">JapaneseEncephalitisVaccineInactivated6µg<a name="PreQualVaccineType-JapaneseEncephalitisVaccineInactivated6.181g"> </a></td><td>Japanese Encephalitis Vaccine (Inactivated) 6µg</td></tr><tr><td style="white-space:nowrap">JapaneseEncephalitisVaccineliveattenuated<a name="PreQualVaccineType-JapaneseEncephalitisVaccineliveattenuated"> </a></td><td>Japanese Encephalitis Vaccine (live, attenuated)</td></tr><tr><td style="white-space:nowrap">Malaria<a name="PreQualVaccineType-Malaria"> </a></td><td>Malaria</td></tr><tr><td style="white-space:nowrap">Measles<a name="PreQualVaccineType-Measles"> </a></td><td>Measles</td></tr><tr><td style="white-space:nowrap">MeaslesandRubella<a name="PreQualVaccineType-MeaslesandRubella"> </a></td><td>Measles and Rubella</td></tr><tr><td style="white-space:nowrap">MeaslesMumpsandRubella<a name="PreQualVaccineType-MeaslesMumpsandRubella"> </a></td><td>Measles, Mumps and Rubella</td></tr><tr><td style="white-space:nowrap">MenigococcalACYWXPolysaccharideconjugate<a name="PreQualVaccineType-MenigococcalACYWXPolysaccharideconjugate"> </a></td><td>Menigococcal ACYWX (Polysaccharide conjugate)</td></tr><tr><td style="white-space:nowrap">MeningococcalAConjugate10µg<a name="PreQualVaccineType-MeningococcalAConjugate10.181g"> </a></td><td>Meningococcal A Conjugate 10 µg</td></tr><tr><td style="white-space:nowrap">MeningococcalAConjugate5µg<a name="PreQualVaccineType-MeningococcalAConjugate5.181g"> </a></td><td>Meningococcal A Conjugate 5 µg</td></tr><tr><td style="white-space:nowrap">MeningococcalACYW135conjugatevaccine<a name="PreQualVaccineType-MeningococcalACYW135conjugatevaccine"> </a></td><td>Meningococcal ACYW-135 (conjugate vaccine)</td></tr><tr><td style="white-space:nowrap">MeningococcalACYW135TetanusToxoidconjugatevaccine<a name="PreQualVaccineType-MeningococcalACYW135TetanusToxoidconjugatevaccine"> </a></td><td>Meningococcal ACYW-135 Tetanus Toxoid (conjugate vaccine)</td></tr><tr><td style="white-space:nowrap">Pneumococcalconjugate<a name="PreQualVaccineType-Pneumococcalconjugate"> </a></td><td>Pneumococcal (conjugate)</td></tr><tr><td style="white-space:nowrap">PolioVaccineInactivatedIPV<a name="PreQualVaccineType-PolioVaccineInactivatedIPV"> </a></td><td>Polio Vaccine - Inactivated (IPV)</td></tr><tr><td style="white-space:nowrap">PolioVaccineInactivatedSabinsIPV<a name="PreQualVaccineType-PolioVaccineInactivatedSabinsIPV"> </a></td><td>Polio Vaccine - Inactivated Sabin (sIPV)</td></tr><tr><td style="white-space:nowrap">PolioVaccineNovelOralnOPVType2<a name="PreQualVaccineType-PolioVaccineNovelOralnOPVType2"> </a></td><td>Polio Vaccine - Novel Oral (nOPV) Type 2</td></tr><tr><td style="white-space:nowrap">PolioVaccineOralOPVBivalentTypes1and3<a name="PreQualVaccineType-PolioVaccineOralOPVBivalentTypes1and3"> </a></td><td>Polio Vaccine - Oral (OPV) Bivalent Types 1 and 3</td></tr><tr><td style="white-space:nowrap">PolioVaccineOralOPVMonovalentType1<a name="PreQualVaccineType-PolioVaccineOralOPVMonovalentType1"> </a></td><td>Polio Vaccine - Oral (OPV) Monovalent Type 1</td></tr><tr><td style="white-space:nowrap">PolioVaccineOralOPVMonovalentType2<a name="PreQualVaccineType-PolioVaccineOralOPVMonovalentType2"> </a></td><td>Polio Vaccine - Oral (OPV) Monovalent Type 2</td></tr><tr><td style="white-space:nowrap">PolioVaccineOralOPVMonovalentType3<a name="PreQualVaccineType-PolioVaccineOralOPVMonovalentType3"> </a></td><td>Polio Vaccine - Oral (OPV) Monovalent Type 3</td></tr><tr><td style="white-space:nowrap">PolioVaccineOralOPVTrivalent<a name="PreQualVaccineType-PolioVaccineOralOPVTrivalent"> </a></td><td>Polio Vaccine - Oral (OPV) Trivalent</td></tr><tr><td style="white-space:nowrap">Rabies<a name="PreQualVaccineType-Rabies"> </a></td><td>Rabies</td></tr><tr><td style="white-space:nowrap">Rotavirus<a name="PreQualVaccineType-Rotavirus"> </a></td><td>Rotavirus</td></tr><tr><td style="white-space:nowrap">Rotavirusliveattenuated<a name="PreQualVaccineType-Rotavirusliveattenuated"> </a></td><td>Rotavirus (live, attenuated)</td></tr><tr><td style="white-space:nowrap">Rubella<a name="PreQualVaccineType-Rubella"> </a></td><td>Rubella</td></tr><tr><td style="white-space:nowrap">SmallpoxandMpoxvaccineLiveModifiedVacciniaVirusAnkara<a name="PreQualVaccineType-SmallpoxandMpoxvaccineLiveModifiedVacciniaVirusAnkara"> </a></td><td>Smallpox and Mpox vaccine (Live Modified Vaccinia Virus Ankara)</td></tr><tr><td style="white-space:nowrap">TetanusToxoid<a name="PreQualVaccineType-TetanusToxoid"> </a></td><td>Tetanus Toxoid</td></tr><tr><td style="white-space:nowrap">TyphoidConjugate<a name="PreQualVaccineType-TyphoidConjugate"> </a></td><td>Typhoid (Conjugate)</td></tr><tr><td style="white-space:nowrap">Varicella<a name="PreQualVaccineType-Varicella"> </a></td><td>Varicella</td></tr><tr><td style="white-space:nowrap">YellowFever<a name="PreQualVaccineType-YellowFever"> </a></td><td>Yellow Fever</td></tr><tr><td style="white-space:nowrap">cholerainactivatedoral<a name="PreQualVaccineType-cholerainactivatedoral"> </a></td><td>cholera: inactivated oral</td></tr></table></div></text><url value="http://smart.who.int/pcmt-vaxprequal/CodeSystem/PreQualVaccineType"/><version value="0.1.0"/><name value="PreQualVaccineType"/><title value="WHO PreQualificaiton Vaccine VaccineTypes"/><status value="draft"/><date value="2025-02-10T10:00:25+00:00"/><publisher value="WHO"/><contact><name value="WHO"/><telecom><system value="url"/><value value="http://who.int"/></telecom></contact><description value="WHO PreQualificaiton Vaccine VaccineTypes"/><content value="complete"/><count value="57"/><concept><code value="BCG"/><display value="BCG"/></concept><concept><code value="Covid19"/><display value="Covid-19"/></concept><concept><code value="DengueTetravalentliveattenuated"/><display value="Dengue Tetravalent (live, attenuated)"/></concept><concept><code value="DiphtheriaTetanus"/><display value="Diphtheria-Tetanus"/></concept><concept><code value="DiphtheriaTetanusreducedantigencontent"/><display value="Diphtheria-Tetanus (reduced antigen content)"/></concept><concept><code value="DiphtheriaTetanusPertussisacellular"/><display value="Diphtheria-Tetanus-Pertussis (acellular)"/></concept><concept><code value="DiphtheriaTetanusPertussisacellularHepatitisBHaemophilusinfluenzaetypebPolioInactivated"/><display value="Diphtheria-Tetanus-Pertussis (acellular)-Hepatitis B-Haemophilus influenzae type b-Polio (Inactivated)"/></concept><concept><code value="DiphtheriaTetanusPertussiswholecell"/><display value="Diphtheria-Tetanus-Pertussis (whole cell)"/></concept><concept><code value="DiphtheriaTetanusPertussiswholecellHaemophilusinfluenzaetypeb"/><display value="Diphtheria-Tetanus-Pertussis (whole cell)-Haemophilus influenzae type b"/></concept><concept><code value="DiphtheriaTetanusPertussiswholecellHepatitisBHaemophilusinfluenzaetypeb"/><display value="Diphtheria-Tetanus-Pertussis (whole cell)-Hepatitis B-Haemophilus influenzae type b"/></concept><concept><code value="DiphtheriaTetanusPertussiswholecellHepatitisBHaemophilusinfluenzaetypebPolioInactivated"/><display value="Diphtheria-Tetanus-Pertussis (whole cell)-Hepatitis B-Haemophilus influenzae type b-Polio (Inactivated)"/></concept><concept><code value="EbolaZairerVSVGZEBOVGPliveattenuated"/><display value="Ebola Zaire (rVSV∆G-ZEBOV-GP, live attenuated)"/></concept><concept><code value="EbolavaccineAd26ZEBOVGPrecombinant"/><display value="Ebola vaccine (Ad26.ZEBOV-GP [recombinant])"/></concept><concept><code value="EbolavaccineMVABNFilorecombinant"/><display value="Ebola vaccine (MVA-BN-Filo [recombinant])"/></concept><concept><code value="Haemophilusinfluenzaetypeb"/><display value="Haemophilus influenzae type b"/></concept><concept><code value="HepatitisAHumanDiploidCellInactivatedAdult"/><display value="Hepatitis A (Human Diploid Cell), Inactivated (Adult)"/></concept><concept><code value="HepatitisAHumanDiploidCellInactivatedPaediatric"/><display value="Hepatitis A (Human Diploid Cell), Inactivated (Paediatric)"/></concept><concept><code value="HepatitisB"/><display value="Hepatitis B"/></concept><concept><code value="HepatitisBPaediatric"/><display value="Hepatitis B (Paediatric)"/></concept><concept><code value="HumanPapillomavirusBivalent"/><display value="Human Papillomavirus (Bivalent)"/></concept><concept><code value="HumanPapillomavirusNinevalent"/><display value="Human Papillomavirus (Ninevalent)"/></concept><concept><code value="HumanPapillomavirusQuadrivalent"/><display value="Human Papillomavirus (Quadrivalent)"/></concept><concept><code value="InfluenzaPandemicH1N1"/><display value="Influenza, Pandemic (H1N1)"/></concept><concept><code value="InfluenzaPandemicH5N1"/><display value="Influenza, Pandemic (H5N1)"/></concept><concept><code value="InfluenzaseasonalQuadrivalent"/><display value="Influenza, seasonal (Quadrivalent)"/></concept><concept><code value="InfluenzaseasonalTrivalent"/><display value="Influenza, seasonal (Trivalent)"/></concept><concept><code value="JapaneseEncephalitisVaccineInactivated3µgPediatric"/><display value="Japanese Encephalitis Vaccine (Inactivated) (3µg Pediatric)"/></concept><concept><code value="JapaneseEncephalitisVaccineInactivated6µg"/><display value="Japanese Encephalitis Vaccine (Inactivated) 6µg"/></concept><concept><code value="JapaneseEncephalitisVaccineliveattenuated"/><display value="Japanese Encephalitis Vaccine (live, attenuated)"/></concept><concept><code value="Malaria"/><display value="Malaria"/></concept><concept><code value="Measles"/><display value="Measles"/></concept><concept><code value="MeaslesandRubella"/><display value="Measles and Rubella"/></concept><concept><code value="MeaslesMumpsandRubella"/><display value="Measles, Mumps and Rubella"/></concept><concept><code value="MenigococcalACYWXPolysaccharideconjugate"/><display value="Menigococcal ACYWX (Polysaccharide conjugate)"/></concept><concept><code value="MeningococcalAConjugate10µg"/><display value="Meningococcal A Conjugate 10 µg"/></concept><concept><code value="MeningococcalAConjugate5µg"/><display value="Meningococcal A Conjugate 5 µg"/></concept><concept><code value="MeningococcalACYW135conjugatevaccine"/><display value="Meningococcal ACYW-135 (conjugate vaccine)"/></concept><concept><code value="MeningococcalACYW135TetanusToxoidconjugatevaccine"/><display value="Meningococcal ACYW-135 Tetanus Toxoid (conjugate vaccine)"/></concept><concept><code value="Pneumococcalconjugate"/><display value="Pneumococcal (conjugate)"/></concept><concept><code value="PolioVaccineInactivatedIPV"/><display value="Polio Vaccine - Inactivated (IPV)"/></concept><concept><code value="PolioVaccineInactivatedSabinsIPV"/><display value="Polio Vaccine - Inactivated Sabin (sIPV)"/></concept><concept><code value="PolioVaccineNovelOralnOPVType2"/><display value="Polio Vaccine - Novel Oral (nOPV) Type 2"/></concept><concept><code value="PolioVaccineOralOPVBivalentTypes1and3"/><display value="Polio Vaccine - Oral (OPV) Bivalent Types 1 and 3"/></concept><concept><code value="PolioVaccineOralOPVMonovalentType1"/><display value="Polio Vaccine - Oral (OPV) Monovalent Type 1"/></concept><concept><code value="PolioVaccineOralOPVMonovalentType2"/><display value="Polio Vaccine - Oral (OPV) Monovalent Type 2"/></concept><concept><code value="PolioVaccineOralOPVMonovalentType3"/><display value="Polio Vaccine - Oral (OPV) Monovalent Type 3"/></concept><concept><code value="PolioVaccineOralOPVTrivalent"/><display value="Polio Vaccine - Oral (OPV) Trivalent"/></concept><concept><code value="Rabies"/><display value="Rabies"/></concept><concept><code value="Rotavirus"/><display value="Rotavirus"/></concept><concept><code value="Rotavirusliveattenuated"/><display value="Rotavirus (live, attenuated)"/></concept><concept><code value="Rubella"/><display value="Rubella"/></concept><concept><code value="SmallpoxandMpoxvaccineLiveModifiedVacciniaVirusAnkara"/><display value="Smallpox and Mpox vaccine (Live Modified Vaccinia Virus Ankara)"/></concept><concept><code value="TetanusToxoid"/><display value="Tetanus Toxoid"/></concept><concept><code value="TyphoidConjugate"/><display value="Typhoid (Conjugate)"/></concept><concept><code value="Varicella"/><display value="Varicella"/></concept><concept><code value="YellowFever"/><display value="Yellow Fever"/></concept><concept><code value="cholerainactivatedoral"/><display value="cholera: inactivated oral"/></concept></CodeSystem>