<?xml version="1.0" encoding="UTF-8"?><StructureMap xmlns="http://hl7.org/fhir"><id value="PreQualDBtoProductLM"/><text><status value="generated"/><div xmlns="http://www.w3.org/1999/xhtml"><p class="res-header-id"><b>Generated Narrative: StructureMap PreQualDBtoProductLM</b></p><a name="PreQualDBtoProductLM"> </a><a name="hcPreQualDBtoProductLM"> </a><a name="PreQualDBtoProductLM-en-US"> </a><pre class="fml">
<span style="color: #cc00cc">/// <b>url</b> = </span><span style="color: blue">'http://smart.who.int/icvp/StructureMap/PreQualDBtoProductLM'</span>
<span style="color: #cc00cc">/// <b>name</b> = </span><span style="color: blue">'PreQualDBtoProductLM'</span>
<span style="color: #cc00cc">/// <b>status</b> = </span><span style="color: blue">'draft'</span>

<b>uses</b><span style="color: navy"> &quot;</span>http://smart.who.int/icvp/StructureDefinition/PreQualDBwithIds<span style="color: navy">&quot; </span><b>alias </b>PreQualDB <b>as </b><b>source</b>
<b>uses</b><span style="color: navy"> &quot;</span>http://smart.who.int/icvp/StructureDefinition/Product<span style="color: navy">&quot; </span><b>alias </b>Product <b>as </b><b>target</b>

<b>group </b>PreQualDBtoProductLM<span style="color: navy">(</span><b>source</b> <span style="color: maroon">prequal</span><span style="color: navy"> : </span>PreQualDB, <b>target</b> <span style="color: maroon">product</span><span style="color: navy"> : </span>Product<span style="color: navy">)</span><span style="color: navy"> {
</span>  prequal.number<b> as </b><span style="color: maroon">number</span><span style="color: navy"><b> -&gt; </b></span>product.number = <span style="color: maroon">number</span> <i>&quot;set prod num&quot;</i><span style="color: navy">;</span>
  prequal.commercialName<b> as </b><span style="color: maroon">name</span><span style="color: navy"><b> -&gt; </b></span>product.name = <span style="color: maroon">name</span> <i>&quot;set prod name&quot;</i><span style="color: navy">;</span>
  prequal.index<b> as </b><span style="color: maroon">index</span><span style="color: navy"><b> -&gt; </b></span>product.identifier = <b>id</b><span style="color: navy">(</span><span style="color: blue">'https://extranet.who.int/prequal/vaccines/prequalified-vaccines'</span><span style="color: navy">, </span><span style="color: maroon">index</span><span style="color: navy">)</span> <i>&quot;set product id&quot;</i><span style="color: navy">;</span>
  prequal.numDoses<b> as </b><span style="color: maroon">numDoses</span><b> then</b><span style="color: navy"> {
</span>    product.doseQuantity<b> as </b><span style="color: maroon">dq</span><span style="color: navy"><b> -&gt; </b></span>dq.value = <span style="color: maroon">numDoses</span> <i>&quot;set number of doses&quot;</i><span style="color: navy">;</span>
  <span style="color: navy">}</span> <i>&quot;set num dose&quot;</i><span style="color: navy">;</span>
  product.unitOfUse<b> as </b><span style="color: maroon">uou</span><b> then</b><span style="color: navy"> {
</span>    uou.coding<b> as </b><span style="color: maroon">coding</span><span style="color: navy"><b> -&gt; </b></span>coding.code = <span style="color: blue">'doses'</span> <i>&quot;set doses unit&quot;</i><span style="color: navy">;</span>
  <span style="color: navy">}</span> <i>&quot;set num doses&quot;</i><span style="color: navy">;</span>
  prequal.manufacturerReference<b> as </b><span style="color: maroon">manufacturerReference</span><span style="color: navy"><b> -&gt; </b></span>product.manufacturer = <span style="color: maroon">manufacturerReference</span> <i>&quot;set manufacturer reference&quot;</i><span style="color: navy">;</span>
  prequal.manufacturer<b> as </b><span style="color: maroon">manufacturer</span><b> then</b><span style="color: navy"> {
</span>    product.manufacturer<b> as </b><span style="color: maroon">man</span><span style="color: navy"><b> -&gt; </b></span>man.text = <span style="color: maroon">manufacturer</span> <i>&quot;set mnf&quot;</i><span style="color: navy">;</span>
  <span style="color: navy">}</span> <i>&quot;set man&quot;</i><span style="color: navy">;</span>
  prequal.vaxTypeCode<b> as </b><span style="color: maroon">vaxTypeCode</span><span style="color: navy"><b> -&gt; </b></span>product.classification = <span style="color: maroon">vaxTypeCode</span> <i>&quot;set vaccine type as product clasification&quot;</i><span style="color: navy">;</span>
  prequal.presentation<b> as </b><span style="color: maroon">presentation</span><span style="color: navy"><b> -&gt; </b></span>product.dosageForm = <span style="color: maroon">presentation</span> <i>&quot;set presentation&quot;</i><span style="color: navy">;</span>
<span style="color: navy">}

</span></pre></div></text><url value="http://smart.who.int/icvp/StructureMap/PreQualDBtoProductLM"/><version value="0.1.0"/><name value="PreQualDBtoProductLM"/><status value="draft"/><date value="2025-02-10T10:00:25+00:00"/><publisher value="WHO"/><contact><name value="WHO"/><telecom><system value="url"/><value value="http://who.int"/></telecom></contact><structure><url value="http://smart.who.int/icvp/StructureDefinition/PreQualDBwithIds"/><mode value="source"/><alias value="PreQualDB"/></structure><structure><url value="http://smart.who.int/icvp/StructureDefinition/Product"/><mode value="target"/><alias value="Product"/></structure><group><name value="PreQualDBtoProductLM"/><input><name value="prequal"/><type value="PreQualDB"/><mode value="source"/></input><input><name value="product"/><type value="Product"/><mode value="target"/></input><rule><name value="set prod num"/><source><context value="prequal"/><element value="number"/><variable value="number"/></source><target><context value="product"/><element value="number"/><transform value="copy"/><parameter><valueId value="number"/></parameter></target></rule><rule><name value="set prod name"/><source><context value="prequal"/><element value="commercialName"/><variable value="name"/></source><target><context value="product"/><element value="name"/><transform value="copy"/><parameter><valueId value="name"/></parameter></target></rule><rule><name value="set product id"/><source><context value="prequal"/><element value="index"/><variable value="index"/></source><target><context value="product"/><element value="identifier"/><transform value="id"/><parameter><valueString value="https://extranet.who.int/prequal/vaccines/prequalified-vaccines"/></parameter><parameter><valueId value="index"/></parameter></target></rule><rule><name value="set num dose"/><source><context value="prequal"/><element value="numDoses"/><variable value="numDoses"/></source><rule><name value="set number of doses"/><source><context value="product"/><element value="doseQuantity"/><variable value="dq"/></source><target><context value="dq"/><element value="value"/><transform value="copy"/><parameter><valueId value="numDoses"/></parameter></target></rule></rule><rule><name value="set num doses"/><source><context value="product"/><element value="unitOfUse"/><variable value="uou"/></source><rule><name value="set doses unit"/><source><context value="uou"/><element value="coding"/><variable value="coding"/></source><target><context value="coding"/><element value="code"/><transform value="copy"/><parameter><valueString value="doses"/></parameter></target></rule></rule><rule><name value="set manufacturer reference"/><source><context value="prequal"/><element value="manufacturerReference"/><variable value="manufacturerReference"/></source><target><context value="product"/><element value="manufacturer"/><transform value="copy"/><parameter><valueId value="manufacturerReference"/></parameter></target></rule><rule><name value="set man"/><source><context value="prequal"/><element value="manufacturer"/><variable value="manufacturer"/></source><rule><name value="set mnf"/><source><context value="product"/><element value="manufacturer"/><variable value="man"/></source><target><context value="man"/><element value="text"/><transform value="copy"/><parameter><valueId value="manufacturer"/></parameter></target></rule></rule><rule><name value="set vaccine type as product clasification"/><source><context value="prequal"/><element value="vaxTypeCode"/><variable value="vaxTypeCode"/></source><target><context value="product"/><element value="classification"/><transform value="copy"/><parameter><valueId value="vaxTypeCode"/></parameter></target></rule><rule><name value="set presentation"/><source><context value="prequal"/><element value="presentation"/><variable value="presentation"/></source><target><context value="product"/><element value="dosageForm"/><transform value="copy"/><parameter><valueId value="presentation"/></parameter></target></rule></group></StructureMap>