{
  "codeSystems" : [
    {
      "url" : "http://smart.who.int/pcmt-vaxprequal/CodeSystem/PreQualPresentation",
      "version" : "0.1.0",
      "status" : "draft",
      "name" : "PreQualPresentation",
      "title" : "WHO PreQualificaiton Vaccine Presentations",
      "description" : "WHO PreQualificaiton Vaccine Presentations",
      "uses" : {
      },
      "ValueSet-PreQualPresentation.html" : "WHO PreQualificaiton Presentation "
    },
    {
      "url" : "http://smart.who.int/pcmt-vaxprequal/CodeSystem/PreQualProductIds",
      "version" : "0.1.0",
      "status" : "active",
      "name" : "PreQualProductIds",
      "title" : "WHO PreQualificaiton Vaccine Product Ids",
      "description" : "WHO PreQualificaiton Vaccine Product Ids",
      "uses" : {
      },
      "ValueSet-PreQualProductIds.html" : "WHO PreQualificaiton Vaccine Product Ids"
    },
    {
      "url" : "http://smart.who.int/pcmt-vaxprequal/CodeSystem/PreQualVaccineType",
      "version" : "0.1.0",
      "status" : "draft",
      "name" : "PreQualVaccineType",
      "title" : "WHO PreQualificaiton Vaccine VaccineTypes",
      "description" : "WHO PreQualificaiton Vaccine VaccineTypes",
      "uses" : {
      },
      "ValueSet-PreQualVaccineType.html" : "WHO PreQualificaiton VaccineType "
    }
  ]
}
