{
  "resourceType" : "Organization",
  "id" : "Manufacturere6f45c0f69a7b4cecd7421c4515ea3c5",
  "meta" : {
    "profile" : ["https://profiles.ihe.net/ITI/mCSD/StructureDefinition/IHE.mCSD.Organization"]
  },
  "text" : {
    "status" : "generated",
    "div" : "<div xmlns=\"http://www.w3.org/1999/xhtml\"><p class=\"res-header-id\"><b>Generated Narrative: Organization Manufacturere6f45c0f69a7b4cecd7421c4515ea3c5</b></p><a name=\"Manufacturere6f45c0f69a7b4cecd7421c4515ea3c5\"> </a><a name=\"hcManufacturere6f45c0f69a7b4cecd7421c4515ea3c5\"> </a><a name=\"Manufacturere6f45c0f69a7b4cecd7421c4515ea3c5-en-US\"> </a><p><b>active</b>: true</p><p><b>type</b>: <span title=\"Codes:{http://terminology.hl7.org/CodeSystem/organization-type other}\">Other</span></p><p><b>name</b>: Sanofi Pasteur</p></div>"
  },
  "active" : true,
  "type" : [{
    "coding" : [{
      "system" : "http://terminology.hl7.org/CodeSystem/organization-type",
      "code" : "other"
    }]
  }],
  "name" : "Sanofi Pasteur"
}