<?xml version="1.0" encoding="UTF-8"?>

<Organization xmlns="http://hl7.org/fhir">
  <id value="Manufacturer83c80215b20b5251e1c62eac65c9e90a"/>
  <meta>
    <profile value="https://profiles.ihe.net/ITI/mCSD/StructureDefinition/IHE.mCSD.Organization"/>
  </meta>
  <text>
    <status value="generated"/><div xmlns="http://www.w3.org/1999/xhtml"><p class="res-header-id"><b>Generated Narrative: Organization Manufacturer83c80215b20b5251e1c62eac65c9e90a</b></p><a name="Manufacturer83c80215b20b5251e1c62eac65c9e90a"> </a><a name="hcManufacturer83c80215b20b5251e1c62eac65c9e90a"> </a><a name="Manufacturer83c80215b20b5251e1c62eac65c9e90a-en-US"> </a><p><b>active</b>: true</p><p><b>type</b>: <span title="Codes:{http://terminology.hl7.org/CodeSystem/organization-type other}">Other</span></p><p><b>name</b>: LG Chem Ltd</p></div>
  </text>
  <active value="true"/>
  <type>
    <coding>
      <system value="http://terminology.hl7.org/CodeSystem/organization-type"/>
      <code value="other"/>
    </coding>
  </type>
  <name value="LG Chem Ltd"/>
</Organization>