{
  "resourceType" : "Organization",
  "id" : "Manufacturer8b73ac0f00c49a2623f9e9aee2c60cad",
  "meta" : {
    "profile" : ["https://profiles.ihe.net/ITI/mCSD/StructureDefinition/IHE.mCSD.Organization"]
  },
  "text" : {
    "status" : "generated",
    "div" : "<div xmlns=\"http://www.w3.org/1999/xhtml\"><p class=\"res-header-id\"><b>Generated Narrative: Organization Manufacturer8b73ac0f00c49a2623f9e9aee2c60cad</b></p><a name=\"Manufacturer8b73ac0f00c49a2623f9e9aee2c60cad\"> </a><a name=\"hcManufacturer8b73ac0f00c49a2623f9e9aee2c60cad\"> </a><a name=\"Manufacturer8b73ac0f00c49a2623f9e9aee2c60cad-en-US\"> </a><p><b>active</b>: true</p><p><b>type</b>: <span title=\"Codes:{http://terminology.hl7.org/CodeSystem/organization-type other}\">Other</span></p><p><b>name</b>: Chengdu Institute of Biological Products Co.,Ltd</p></div>"
  },
  "active" : true,
  "type" : [{
    "coding" : [{
      "system" : "http://terminology.hl7.org/CodeSystem/organization-type",
      "code" : "other"
    }]
  }],
  "name" : "Chengdu Institute of Biological Products Co.,Ltd"
}