<?xml version="1.0" encoding="UTF-8"?>

<Organization xmlns="http://hl7.org/fhir">
  <id value="Holder6f85b90926148cce1ad5a1fa8afe673a"/>
  <meta>
    <profile value="https://profiles.ihe.net/ITI/mCSD/StructureDefinition/IHE.mCSD.Organization"/>
  </meta>
  <text>
    <status value="generated"/><div xmlns="http://www.w3.org/1999/xhtml"><p class="res-header-id"><b>Generated Narrative: Organization Holder6f85b90926148cce1ad5a1fa8afe673a</b></p><a name="Holder6f85b90926148cce1ad5a1fa8afe673a"> </a><a name="hcHolder6f85b90926148cce1ad5a1fa8afe673a"> </a><a name="Holder6f85b90926148cce1ad5a1fa8afe673a-en-US"> </a><p><b>active</b>: true</p><p><b>type</b>: <span title="Codes:{http://terminology.hl7.org/CodeSystem/organization-type govt}">Government</span></p><p><b>name</b>: National Medical Products Administration</p></div>
  </text>
  <active value="true"/>
  <type>
    <coding>
      <system value="http://terminology.hl7.org/CodeSystem/organization-type"/>
      <code value="govt"/>
    </coding>
  </type>
  <name value="National Medical Products Administration"/>
</Organization>