{
  "resourceType" : "Organization",
  "id" : "Manufacturerfea9c0b58ceb56b0d925a05e74377afb",
  "meta" : {
    "profile" : ["https://profiles.ihe.net/ITI/mCSD/StructureDefinition/IHE.mCSD.Organization"]
  },
  "text" : {
    "status" : "generated",
    "div" : "<div xmlns=\"http://www.w3.org/1999/xhtml\"><p class=\"res-header-id\"><b>Generated Narrative: Organization Manufacturerfea9c0b58ceb56b0d925a05e74377afb</b></p><a name=\"Manufacturerfea9c0b58ceb56b0d925a05e74377afb\"> </a><a name=\"hcManufacturerfea9c0b58ceb56b0d925a05e74377afb\"> </a><a name=\"Manufacturerfea9c0b58ceb56b0d925a05e74377afb-en-US\"> </a><p><b>active</b>: true</p><p><b>type</b>: <span title=\"Codes:{http://terminology.hl7.org/CodeSystem/organization-type other}\">Other</span></p><p><b>name</b>: Panacea Biotec Ltd.</p></div>"
  },
  "active" : true,
  "type" : [{
    "coding" : [{
      "system" : "http://terminology.hl7.org/CodeSystem/organization-type",
      "code" : "other"
    }]
  }],
  "name" : "Panacea Biotec Ltd."
}