<?xml version="1.0" encoding="UTF-8"?>

<Organization xmlns="http://hl7.org/fhir">
  <id value="Manufacturer2e05c0b54d85a829edc3312f6eda9232"/>
  <meta>
    <profile value="https://profiles.ihe.net/ITI/mCSD/StructureDefinition/IHE.mCSD.Organization"/>
  </meta>
  <text>
    <status value="generated"/><div xmlns="http://www.w3.org/1999/xhtml"><p class="res-header-id"><b>Generated Narrative: Organization Manufacturer2e05c0b54d85a829edc3312f6eda9232</b></p><a name="Manufacturer2e05c0b54d85a829edc3312f6eda9232"> </a><a name="hcManufacturer2e05c0b54d85a829edc3312f6eda9232"> </a><a name="Manufacturer2e05c0b54d85a829edc3312f6eda9232-en-US"> </a><p><b>active</b>: true</p><p><b>type</b>: <span title="Codes:{http://terminology.hl7.org/CodeSystem/organization-type other}">Other</span></p><p><b>name</b>: Sanofi Pasteur Limited</p></div>
  </text>
  <active value="true"/>
  <type>
    <coding>
      <system value="http://terminology.hl7.org/CodeSystem/organization-type"/>
      <code value="other"/>
    </coding>
  </type>
  <name value="Sanofi Pasteur Limited"/>
</Organization>