{
  "codeSystems" : [
    {
      "url" : "http://smart.who.int/pcmt-vaxprequal/ValueSet/PreQualPresentation",
      "version" : "0.1.0",
      "status" : "draft",
      "name" : "PreQualPresentation",
      "title" : "WHO PreQualificaiton Presentation ",
      "description" : "WHO PreQualificaiton Presentation",
      "systems" : [
        "http://smart.who.int/pcmt-vaxprequal/CodeSystem/PreQualPresentation"
      ]
    },
    {
      "url" : "http://smart.who.int/pcmt-vaxprequal/ValueSet/PreQualProductIds",
      "version" : "0.1.0",
      "status" : "draft",
      "name" : "PreQualProductIds",
      "title" : "WHO PreQualificaiton Vaccine Product Ids",
      "description" : "WHO PreQualificaiton Vaccine Product Ids",
      "systems" : [
        "http://smart.who.int/pcmt-vaxprequal/CodeSystem/PreQualProductIds"
      ]
    },
    {
      "url" : "http://smart.who.int/pcmt-vaxprequal/ValueSet/PreQualVaccineType",
      "version" : "0.1.0",
      "status" : "draft",
      "name" : "PreQualVaccineType",
      "title" : "WHO PreQualificaiton VaccineType ",
      "description" : "WHO PreQualificaiton VaccineType",
      "systems" : [
        "http://smart.who.int/pcmt-vaxprequal/CodeSystem/PreQualVaccineType"
      ]
    }
  ]
}
