{"resourceType":"StructureMap","id":"PreQualDBtoProductLM","text":{"status":"generated","div":"<div xmlns=\"http://www.w3.org/1999/xhtml\"><p class=\"res-header-id\"><b>Generated Narrative: StructureMap PreQualDBtoProductLM</b></p><a name=\"PreQualDBtoProductLM\"> </a><a name=\"hcPreQualDBtoProductLM\"> </a><a name=\"PreQualDBtoProductLM-en-US\"> </a><pre class=\"fml\">\r\n<span style=\"color: #cc00cc\">/// <b>url</b> = </span><span style=\"color: blue\">'http://smart.who.int/icvp/StructureMap/PreQualDBtoProductLM'</span>\r\n<span style=\"color: #cc00cc\">/// <b>name</b> = </span><span style=\"color: blue\">'PreQualDBtoProductLM'</span>\r\n<span style=\"color: #cc00cc\">/// <b>status</b> = </span><span style=\"color: blue\">'draft'</span>\r\n\r\n<b>uses</b><span style=\"color: navy\"> &quot;</span>http://smart.who.int/icvp/StructureDefinition/PreQualDBwithIds<span style=\"color: navy\">&quot; </span><b>alias </b>PreQualDB <b>as </b><b>source</b>\r\n<b>uses</b><span style=\"color: navy\"> &quot;</span>http://smart.who.int/icvp/StructureDefinition/Product<span style=\"color: navy\">&quot; </span><b>alias </b>Product <b>as </b><b>target</b>\r\n\r\n<b>group </b>PreQualDBtoProductLM<span style=\"color: navy\">(</span><b>source</b> <span style=\"color: maroon\">prequal</span><span style=\"color: navy\"> : </span>PreQualDB, <b>target</b> <span style=\"color: maroon\">product</span><span style=\"color: navy\"> : </span>Product<span style=\"color: navy\">)</span><span style=\"color: navy\"> {\r\n</span>  prequal.number<b> as </b><span style=\"color: maroon\">number</span><span style=\"color: navy\"><b> -&gt; </b></span>product.number = <span style=\"color: maroon\">number</span> <i>&quot;set prod num&quot;</i><span style=\"color: navy\">;</span>\r\n  prequal.commercialName<b> as </b><span style=\"color: maroon\">name</span><span style=\"color: navy\"><b> -&gt; </b></span>product.name = <span style=\"color: maroon\">name</span> <i>&quot;set prod name&quot;</i><span style=\"color: navy\">;</span>\r\n  prequal.index<b> as </b><span style=\"color: maroon\">index</span><span style=\"color: navy\"><b> -&gt; </b></span>product.identifier = <b>id</b><span style=\"color: navy\">(</span><span style=\"color: blue\">'https://extranet.who.int/prequal/vaccines/prequalified-vaccines'</span><span style=\"color: navy\">, </span><span style=\"color: maroon\">index</span><span style=\"color: navy\">)</span> <i>&quot;set product id&quot;</i><span style=\"color: navy\">;</span>\r\n  prequal.numDoses<b> as </b><span style=\"color: maroon\">numDoses</span><b> then</b><span style=\"color: navy\"> {\r\n</span>    product.doseQuantity<b> as </b><span style=\"color: maroon\">dq</span><span style=\"color: navy\"><b> -&gt; </b></span>dq.value = <span style=\"color: maroon\">numDoses</span> <i>&quot;set number of doses&quot;</i><span style=\"color: navy\">;</span>\r\n  <span style=\"color: navy\">}</span> <i>&quot;set num dose&quot;</i><span style=\"color: navy\">;</span>\r\n  product.unitOfUse<b> as </b><span style=\"color: maroon\">uou</span><b> then</b><span style=\"color: navy\"> {\r\n</span>    uou.coding<b> as </b><span style=\"color: maroon\">coding</span><span style=\"color: navy\"><b> -&gt; </b></span>coding.code = <span style=\"color: blue\">'doses'</span> <i>&quot;set doses unit&quot;</i><span style=\"color: navy\">;</span>\r\n  <span style=\"color: navy\">}</span> <i>&quot;set num doses&quot;</i><span style=\"color: navy\">;</span>\r\n  prequal.manufacturerReference<b> as </b><span style=\"color: maroon\">manufacturerReference</span><span style=\"color: navy\"><b> -&gt; </b></span>product.manufacturer = <span style=\"color: maroon\">manufacturerReference</span> <i>&quot;set manufacturer reference&quot;</i><span style=\"color: navy\">;</span>\r\n  prequal.manufacturer<b> as </b><span style=\"color: maroon\">manufacturer</span><b> then</b><span style=\"color: navy\"> {\r\n</span>    product.manufacturer<b> as </b><span style=\"color: maroon\">man</span><span style=\"color: navy\"><b> -&gt; </b></span>man.text = <span style=\"color: maroon\">manufacturer</span> <i>&quot;set mnf&quot;</i><span style=\"color: navy\">;</span>\r\n  <span style=\"color: navy\">}</span> <i>&quot;set man&quot;</i><span style=\"color: navy\">;</span>\r\n  prequal.vaxTypeCode<b> as </b><span style=\"color: maroon\">vaxTypeCode</span><span style=\"color: navy\"><b> -&gt; </b></span>product.classification = <span style=\"color: maroon\">vaxTypeCode</span> <i>&quot;set vaccine type as product clasification&quot;</i><span style=\"color: navy\">;</span>\r\n  prequal.presentation<b> as </b><span style=\"color: maroon\">presentation</span><span style=\"color: navy\"><b> -&gt; </b></span>product.dosageForm = <span style=\"color: maroon\">presentation</span> <i>&quot;set presentation&quot;</i><span style=\"color: navy\">;</span>\r\n<span style=\"color: navy\">}\r\n\r\n</span></pre></div>"},"url":"http://smart.who.int/icvp/StructureMap/PreQualDBtoProductLM","version":"0.1.0","name":"PreQualDBtoProductLM","status":"draft","date":"2025-02-10T10:00:25+00:00","publisher":"WHO","contact":[{"name":"WHO","telecom":[{"system":"url","value":"http://who.int"}]}],"structure":[{"url":"http://smart.who.int/icvp/StructureDefinition/PreQualDBwithIds","mode":"source","alias":"PreQualDB"},{"url":"http://smart.who.int/icvp/StructureDefinition/Product","mode":"target","alias":"Product"}],"group":[{"name":"PreQualDBtoProductLM","input":[{"name":"prequal","type":"PreQualDB","mode":"source"},{"name":"product","type":"Product","mode":"target"}],"rule":[{"name":"set prod num","source":[{"context":"prequal","element":"number","variable":"number"}],"target":[{"context":"product","element":"number","transform":"copy","parameter":[{"valueId":"number"}]}]},{"name":"set prod name","source":[{"context":"prequal","element":"commercialName","variable":"name"}],"target":[{"context":"product","element":"name","transform":"copy","parameter":[{"valueId":"name"}]}]},{"name":"set product id","source":[{"context":"prequal","element":"index","variable":"index"}],"target":[{"context":"product","element":"identifier","transform":"id","parameter":[{"valueString":"https://extranet.who.int/prequal/vaccines/prequalified-vaccines"},{"valueId":"index"}]}]},{"name":"set num dose","source":[{"context":"prequal","element":"numDoses","variable":"numDoses"}],"rule":[{"name":"set number of doses","source":[{"context":"product","element":"doseQuantity","variable":"dq"}],"target":[{"context":"dq","element":"value","transform":"copy","parameter":[{"valueId":"numDoses"}]}]}]},{"name":"set num doses","source":[{"context":"product","element":"unitOfUse","variable":"uou"}],"rule":[{"name":"set doses unit","source":[{"context":"uou","element":"coding","variable":"coding"}],"target":[{"context":"coding","element":"code","transform":"copy","parameter":[{"valueString":"doses"}]}]}]},{"name":"set manufacturer reference","source":[{"context":"prequal","element":"manufacturerReference","variable":"manufacturerReference"}],"target":[{"context":"product","element":"manufacturer","transform":"copy","parameter":[{"valueId":"manufacturerReference"}]}]},{"name":"set man","source":[{"context":"prequal","element":"manufacturer","variable":"manufacturer"}],"rule":[{"name":"set mnf","source":[{"context":"product","element":"manufacturer","variable":"man"}],"target":[{"context":"man","element":"text","transform":"copy","parameter":[{"valueId":"manufacturer"}]}]}]},{"name":"set vaccine type as product clasification","source":[{"context":"prequal","element":"vaxTypeCode","variable":"vaxTypeCode"}],"target":[{"context":"product","element":"classification","transform":"copy","parameter":[{"valueId":"vaxTypeCode"}]}]},{"name":"set presentation","source":[{"context":"prequal","element":"presentation","variable":"presentation"}],"target":[{"context":"product","element":"dosageForm","transform":"copy","parameter":[{"valueId":"presentation"}]}]}]}]}