{
  "resourceType" : "Organization",
  "id" : "Manufacturer3ad507e03b3c8420f83f895f7122255f",
  "meta" : {
    "profile" : ["https://profiles.ihe.net/ITI/mCSD/StructureDefinition/IHE.mCSD.Organization"]
  },
  "text" : {
    "status" : "generated",
    "div" : "<div xmlns=\"http://www.w3.org/1999/xhtml\"><p class=\"res-header-id\"><b>Generated Narrative: Organization Manufacturer3ad507e03b3c8420f83f895f7122255f</b></p><a name=\"Manufacturer3ad507e03b3c8420f83f895f7122255f\"> </a><a name=\"hcManufacturer3ad507e03b3c8420f83f895f7122255f\"> </a><a name=\"Manufacturer3ad507e03b3c8420f83f895f7122255f-en-US\"> </a><p><b>active</b>: true</p><p><b>type</b>: <span title=\"Codes:{http://terminology.hl7.org/CodeSystem/organization-type other}\">Other</span></p><p><b>name</b>: PT Bio Farma (Persero)</p></div>"
  },
  "active" : true,
  "type" : [{
    "coding" : [{
      "system" : "http://terminology.hl7.org/CodeSystem/organization-type",
      "code" : "other"
    }]
  }],
  "name" : "PT Bio Farma (Persero)"
}