{
  "resourceType" : "Organization",
  "id" : "Manufacturer0a715f820926b2464f7113168d4f247c",
  "meta" : {
    "profile" : ["https://profiles.ihe.net/ITI/mCSD/StructureDefinition/IHE.mCSD.Organization"]
  },
  "text" : {
    "status" : "generated",
    "div" : "<div xmlns=\"http://www.w3.org/1999/xhtml\"><p class=\"res-header-id\"><b>Generated Narrative: Organization Manufacturer0a715f820926b2464f7113168d4f247c</b></p><a name=\"Manufacturer0a715f820926b2464f7113168d4f247c\"> </a><a name=\"hcManufacturer0a715f820926b2464f7113168d4f247c\"> </a><a name=\"Manufacturer0a715f820926b2464f7113168d4f247c-en-US\"> </a><p><b>active</b>: true</p><p><b>type</b>: <span title=\"Codes:{http://terminology.hl7.org/CodeSystem/organization-type other}\">Other</span></p><p><b>name</b>: Saint Petersburg Scientific Research Institute of Vaccines and Serums of the FMBA of Russia</p></div>"
  },
  "active" : true,
  "type" : [{
    "coding" : [{
      "system" : "http://terminology.hl7.org/CodeSystem/organization-type",
      "code" : "other"
    }]
  }],
  "name" : "Saint Petersburg Scientific Research Institute of Vaccines and Serums of the FMBA of Russia"
}