{
  "resourceType" : "Organization",
  "id" : "Holderf651f2cc6236f906af0a310308a8de06",
  "meta" : {
    "profile" : ["https://profiles.ihe.net/ITI/mCSD/StructureDefinition/IHE.mCSD.Organization"]
  },
  "text" : {
    "status" : "generated",
    "div" : "<div xmlns=\"http://www.w3.org/1999/xhtml\"><p class=\"res-header-id\"><b>Generated Narrative: Organization Holderf651f2cc6236f906af0a310308a8de06</b></p><a name=\"Holderf651f2cc6236f906af0a310308a8de06\"> </a><a name=\"hcHolderf651f2cc6236f906af0a310308a8de06\"> </a><a name=\"Holderf651f2cc6236f906af0a310308a8de06-en-US\"> </a><p><b>active</b>: true</p><p><b>type</b>: <span title=\"Codes:{http://terminology.hl7.org/CodeSystem/organization-type govt}\">Government</span></p><p><b>name</b>: Medical Products Agency</p></div>"
  },
  "active" : true,
  "type" : [{
    "coding" : [{
      "system" : "http://terminology.hl7.org/CodeSystem/organization-type",
      "code" : "govt"
    }]
  }],
  "name" : "Medical Products Agency"
}