{
  "resourceType" : "Organization",
  "id" : "Manufacturer0ac2fc7e2f3857eea1bd0d6fe3e1e432",
  "meta" : {
    "profile" : ["https://profiles.ihe.net/ITI/mCSD/StructureDefinition/IHE.mCSD.Organization"]
  },
  "text" : {
    "status" : "generated",
    "div" : "<div xmlns=\"http://www.w3.org/1999/xhtml\"><p class=\"res-header-id\"><b>Generated Narrative: Organization Manufacturer0ac2fc7e2f3857eea1bd0d6fe3e1e432</b></p><a name=\"Manufacturer0ac2fc7e2f3857eea1bd0d6fe3e1e432\"> </a><a name=\"hcManufacturer0ac2fc7e2f3857eea1bd0d6fe3e1e432\"> </a><a name=\"Manufacturer0ac2fc7e2f3857eea1bd0d6fe3e1e432-en-US\"> </a><p><b>active</b>: true</p><p><b>type</b>: <span title=\"Codes:{http://terminology.hl7.org/CodeSystem/organization-type other}\">Other</span></p><p><b>name</b>: GC Biopharma Corp.</p></div>"
  },
  "active" : true,
  "type" : [{
    "coding" : [{
      "system" : "http://terminology.hl7.org/CodeSystem/organization-type",
      "code" : "other"
    }]
  }],
  "name" : "GC Biopharma Corp."
}