{
  "resourceType" : "Organization",
  "id" : "Manufacturer35b3de1add41b53c8e37ce338f2ba545",
  "meta" : {
    "profile" : ["https://profiles.ihe.net/ITI/mCSD/StructureDefinition/IHE.mCSD.Organization"]
  },
  "text" : {
    "status" : "generated",
    "div" : "<div xmlns=\"http://www.w3.org/1999/xhtml\"><p class=\"res-header-id\"><b>Generated Narrative: Organization Manufacturer35b3de1add41b53c8e37ce338f2ba545</b></p><a name=\"Manufacturer35b3de1add41b53c8e37ce338f2ba545\"> </a><a name=\"hcManufacturer35b3de1add41b53c8e37ce338f2ba545\"> </a><a name=\"Manufacturer35b3de1add41b53c8e37ce338f2ba545-en-US\"> </a><p><b>active</b>: true</p><p><b>type</b>: <span title=\"Codes:{http://terminology.hl7.org/CodeSystem/organization-type other}\">Other</span></p><p><b>name</b>: Serum Institute of India Pvt. Ltd.</p></div>"
  },
  "active" : true,
  "type" : [{
    "coding" : [{
      "system" : "http://terminology.hl7.org/CodeSystem/organization-type",
      "code" : "other"
    }]
  }],
  "name" : "Serum Institute of India Pvt. Ltd."
}