{
  "resourceType" : "Organization",
  "id" : "Holderfc05b3d6a15f33e5f2a764fcfbc0ec16",
  "meta" : {
    "profile" : ["https://profiles.ihe.net/ITI/mCSD/StructureDefinition/IHE.mCSD.Organization"]
  },
  "text" : {
    "status" : "generated",
    "div" : "<div xmlns=\"http://www.w3.org/1999/xhtml\"><p class=\"res-header-id\"><b>Generated Narrative: Organization Holderfc05b3d6a15f33e5f2a764fcfbc0ec16</b></p><a name=\"Holderfc05b3d6a15f33e5f2a764fcfbc0ec16\"> </a><a name=\"hcHolderfc05b3d6a15f33e5f2a764fcfbc0ec16\"> </a><a name=\"Holderfc05b3d6a15f33e5f2a764fcfbc0ec16-en-US\"> </a><p><b>active</b>: true</p><p><b>type</b>: <span title=\"Codes:{http://terminology.hl7.org/CodeSystem/organization-type govt}\">Government</span></p><p><b>name</b>: Therapeutic Goods Administration</p></div>"
  },
  "active" : true,
  "type" : [{
    "coding" : [{
      "system" : "http://terminology.hl7.org/CodeSystem/organization-type",
      "code" : "govt"
    }]
  }],
  "name" : "Therapeutic Goods Administration"
}