{
  "resourceType" : "Organization",
  "id" : "Holdere0e3ed9114ce62feea705c24aceb2ee2",
  "meta" : {
    "profile" : ["https://profiles.ihe.net/ITI/mCSD/StructureDefinition/IHE.mCSD.Organization"]
  },
  "text" : {
    "status" : "generated",
    "div" : "<div xmlns=\"http://www.w3.org/1999/xhtml\"><p class=\"res-header-id\"><b>Generated Narrative: Organization Holdere0e3ed9114ce62feea705c24aceb2ee2</b></p><a name=\"Holdere0e3ed9114ce62feea705c24aceb2ee2\"> </a><a name=\"hcHoldere0e3ed9114ce62feea705c24aceb2ee2\"> </a><a name=\"Holdere0e3ed9114ce62feea705c24aceb2ee2-en-US\"> </a><p><b>active</b>: true</p><p><b>type</b>: <span title=\"Codes:{http://terminology.hl7.org/CodeSystem/organization-type govt}\">Government</span></p><p><b>name</b>: Federal Agency for Medicines and Health Products</p></div>"
  },
  "active" : true,
  "type" : [{
    "coding" : [{
      "system" : "http://terminology.hl7.org/CodeSystem/organization-type",
      "code" : "govt"
    }]
  }],
  "name" : "Federal Agency for Medicines and Health Products"
}