{
  "resourceType" : "Organization",
  "id" : "Holder2ca9bea235654620194199f17ca78e94",
  "meta" : {
    "profile" : ["https://profiles.ihe.net/ITI/mCSD/StructureDefinition/IHE.mCSD.Organization"]
  },
  "text" : {
    "status" : "generated",
    "div" : "<div xmlns=\"http://www.w3.org/1999/xhtml\"><p class=\"res-header-id\"><b>Generated Narrative: Organization Holder2ca9bea235654620194199f17ca78e94</b></p><a name=\"Holder2ca9bea235654620194199f17ca78e94\"> </a><a name=\"hcHolder2ca9bea235654620194199f17ca78e94\"> </a><a name=\"Holder2ca9bea235654620194199f17ca78e94-en-US\"> </a><p><b>active</b>: true</p><p><b>type</b>: <span title=\"Codes:{http://terminology.hl7.org/CodeSystem/organization-type govt}\">Government</span></p><p><b>name</b>: Paul-Ehrlich-Institut</p></div>"
  },
  "active" : true,
  "type" : [{
    "coding" : [{
      "system" : "http://terminology.hl7.org/CodeSystem/organization-type",
      "code" : "govt"
    }]
  }],
  "name" : "Paul-Ehrlich-Institut"
}