{
  "resourceType" : "Organization",
  "id" : "Holdera1ed2fb3196a19ac1010392bdc5e8646",
  "meta" : {
    "profile" : ["https://profiles.ihe.net/ITI/mCSD/StructureDefinition/IHE.mCSD.Organization"]
  },
  "text" : {
    "status" : "generated",
    "div" : "<div xmlns=\"http://www.w3.org/1999/xhtml\"><p class=\"res-header-id\"><b>Generated Narrative: Organization Holdera1ed2fb3196a19ac1010392bdc5e8646</b></p><a name=\"Holdera1ed2fb3196a19ac1010392bdc5e8646\"> </a><a name=\"hcHoldera1ed2fb3196a19ac1010392bdc5e8646\"> </a><a name=\"Holdera1ed2fb3196a19ac1010392bdc5e8646-en-US\"> </a><p><b>active</b>: true</p><p><b>type</b>: <span title=\"Codes:{http://terminology.hl7.org/CodeSystem/organization-type govt}\">Government</span></p><p><b>name</b>: Agence nationale de sécurité du médicament et des produits de santé</p></div>"
  },
  "active" : true,
  "type" : [{
    "coding" : [{
      "system" : "http://terminology.hl7.org/CodeSystem/organization-type",
      "code" : "govt"
    }]
  }],
  "name" : "Agence nationale de sécurité du médicament et des produits de santé"
}