{
  "resourceType" : "Organization",
  "id" : "Manufacturer0d032e80ab9a533ed8120bd60488bb9d",
  "meta" : {
    "profile" : ["https://profiles.ihe.net/ITI/mCSD/StructureDefinition/IHE.mCSD.Organization"]
  },
  "text" : {
    "status" : "generated",
    "div" : "<div xmlns=\"http://www.w3.org/1999/xhtml\"><p class=\"res-header-id\"><b>Generated Narrative: Organization Manufacturer0d032e80ab9a533ed8120bd60488bb9d</b></p><a name=\"Manufacturer0d032e80ab9a533ed8120bd60488bb9d\"> </a><a name=\"hcManufacturer0d032e80ab9a533ed8120bd60488bb9d\"> </a><a name=\"Manufacturer0d032e80ab9a533ed8120bd60488bb9d-en-US\"> </a><p><b>active</b>: true</p><p><b>type</b>: <span title=\"Codes:{http://terminology.hl7.org/CodeSystem/organization-type other}\">Other</span></p><p><b>name</b>: IL-YANG PHARMACEUTICAL CO., LTD.</p></div>"
  },
  "active" : true,
  "type" : [{
    "coding" : [{
      "system" : "http://terminology.hl7.org/CodeSystem/organization-type",
      "code" : "other"
    }]
  }],
  "name" : "IL-YANG PHARMACEUTICAL CO., LTD."
}