{
  "resourceType" : "Organization",
  "id" : "Manufacturer8c92e4ffbcf50b35012bfe88689a06e3",
  "meta" : {
    "profile" : ["https://profiles.ihe.net/ITI/mCSD/StructureDefinition/IHE.mCSD.Organization"]
  },
  "text" : {
    "status" : "generated",
    "div" : "<div xmlns=\"http://www.w3.org/1999/xhtml\"><p class=\"res-header-id\"><b>Generated Narrative: Organization Manufacturer8c92e4ffbcf50b35012bfe88689a06e3</b></p><a name=\"Manufacturer8c92e4ffbcf50b35012bfe88689a06e3\"> </a><a name=\"hcManufacturer8c92e4ffbcf50b35012bfe88689a06e3\"> </a><a name=\"Manufacturer8c92e4ffbcf50b35012bfe88689a06e3-en-US\"> </a><p><b>active</b>: true</p><p><b>type</b>: <span title=\"Codes:{http://terminology.hl7.org/CodeSystem/organization-type other}\">Other</span></p><p><b>name</b>: HIPRA HUMAN HEALTH, S.L.U</p></div>"
  },
  "active" : true,
  "type" : [{
    "coding" : [{
      "system" : "http://terminology.hl7.org/CodeSystem/organization-type",
      "code" : "other"
    }]
  }],
  "name" : "HIPRA HUMAN HEALTH, S.L.U"
}