{
  "resourceType" : "Organization",
  "id" : "Manufacturer862ceefb75480e8caff5b111610aceb0",
  "meta" : {
    "profile" : ["https://profiles.ihe.net/ITI/mCSD/StructureDefinition/IHE.mCSD.Organization"]
  },
  "text" : {
    "status" : "generated",
    "div" : "<div xmlns=\"http://www.w3.org/1999/xhtml\"><p class=\"res-header-id\"><b>Generated Narrative: Organization Manufacturer862ceefb75480e8caff5b111610aceb0</b></p><a name=\"Manufacturer862ceefb75480e8caff5b111610aceb0\"> </a><a name=\"hcManufacturer862ceefb75480e8caff5b111610aceb0\"> </a><a name=\"Manufacturer862ceefb75480e8caff5b111610aceb0-en-US\"> </a><p><b>active</b>: true</p><p><b>type</b>: <span title=\"Codes:{http://terminology.hl7.org/CodeSystem/organization-type other}\">Other</span></p><p><b>name</b>: Federal State Autonomous Scientific Institution «Chumakov Federal Scientific Center for Research &amp; Development of Immune-And Biological Products», Russian Academy of Sciences</p></div>"
  },
  "active" : true,
  "type" : [{
    "coding" : [{
      "system" : "http://terminology.hl7.org/CodeSystem/organization-type",
      "code" : "other"
    }]
  }],
  "name" : "Federal State Autonomous Scientific Institution «Chumakov Federal Scientific Center for Research & Development of Immune-And Biological Products», Russian Academy of Sciences"
}