{
  "resourceType" : "Organization",
  "id" : "Holder2727357adb2fdf08fa5c9bb57e9ce617",
  "meta" : {
    "profile" : ["https://profiles.ihe.net/ITI/mCSD/StructureDefinition/IHE.mCSD.Organization"]
  },
  "text" : {
    "status" : "generated",
    "div" : "<div xmlns=\"http://www.w3.org/1999/xhtml\"><p class=\"res-header-id\"><b>Generated Narrative: Organization Holder2727357adb2fdf08fa5c9bb57e9ce617</b></p><a name=\"Holder2727357adb2fdf08fa5c9bb57e9ce617\"> </a><a name=\"hcHolder2727357adb2fdf08fa5c9bb57e9ce617\"> </a><a name=\"Holder2727357adb2fdf08fa5c9bb57e9ce617-en-US\"> </a><p><b>active</b>: true</p><p><b>type</b>: <span title=\"Codes:{http://terminology.hl7.org/CodeSystem/organization-type govt}\">Government</span></p><p><b>name</b>: Ministère de la Santé publique</p></div>"
  },
  "active" : true,
  "type" : [{
    "coding" : [{
      "system" : "http://terminology.hl7.org/CodeSystem/organization-type",
      "code" : "govt"
    }]
  }],
  "name" : "Ministère de la Santé publique"
}