{
  "resourceType" : "Organization",
  "id" : "Manufacturerb8f96db637b3f36cdb1416e82e69b306",
  "meta" : {
    "profile" : ["https://profiles.ihe.net/ITI/mCSD/StructureDefinition/IHE.mCSD.Organization"]
  },
  "text" : {
    "status" : "generated",
    "div" : "<div xmlns=\"http://www.w3.org/1999/xhtml\"><p class=\"res-header-id\"><b>Generated Narrative: Organization Manufacturerb8f96db637b3f36cdb1416e82e69b306</b></p><a name=\"Manufacturerb8f96db637b3f36cdb1416e82e69b306\"> </a><a name=\"hcManufacturerb8f96db637b3f36cdb1416e82e69b306\"> </a><a name=\"Manufacturerb8f96db637b3f36cdb1416e82e69b306-en-US\"> </a><p><b>active</b>: true</p><p><b>type</b>: <span title=\"Codes:{http://terminology.hl7.org/CodeSystem/organization-type other}\">Other</span></p><p><b>name</b>: Takeda GmbH.</p></div>"
  },
  "active" : true,
  "type" : [{
    "coding" : [{
      "system" : "http://terminology.hl7.org/CodeSystem/organization-type",
      "code" : "other"
    }]
  }],
  "name" : "Takeda GmbH."
}