{
  "resourceType" : "Organization",
  "id" : "Holder9899e21a11ed6ac7b548ef6171579c60",
  "meta" : {
    "profile" : ["https://profiles.ihe.net/ITI/mCSD/StructureDefinition/IHE.mCSD.Organization"]
  },
  "text" : {
    "status" : "generated",
    "div" : "<div xmlns=\"http://www.w3.org/1999/xhtml\"><p class=\"res-header-id\"><b>Generated Narrative: Organization Holder9899e21a11ed6ac7b548ef6171579c60</b></p><a name=\"Holder9899e21a11ed6ac7b548ef6171579c60\"> </a><a name=\"hcHolder9899e21a11ed6ac7b548ef6171579c60\"> </a><a name=\"Holder9899e21a11ed6ac7b548ef6171579c60-en-US\"> </a><p><b>active</b>: true</p><p><b>type</b>: <span title=\"Codes:{http://terminology.hl7.org/CodeSystem/organization-type govt}\">Government</span></p><p><b>name</b>: National Agency of Drug and Food Control Indonesia</p></div>"
  },
  "active" : true,
  "type" : [{
    "coding" : [{
      "system" : "http://terminology.hl7.org/CodeSystem/organization-type",
      "code" : "govt"
    }]
  }],
  "name" : "National Agency of Drug and Food Control Indonesia"
}