{
  "resourceType" : "Organization",
  "id" : "Holderce0f4cd586d4fa26a21297b87993de9a",
  "meta" : {
    "profile" : ["https://profiles.ihe.net/ITI/mCSD/StructureDefinition/IHE.mCSD.Organization"]
  },
  "text" : {
    "status" : "generated",
    "div" : "<div xmlns=\"http://www.w3.org/1999/xhtml\"><p class=\"res-header-id\"><b>Generated Narrative: Organization Holderce0f4cd586d4fa26a21297b87993de9a</b></p><a name=\"Holderce0f4cd586d4fa26a21297b87993de9a\"> </a><a name=\"hcHolderce0f4cd586d4fa26a21297b87993de9a\"> </a><a name=\"Holderce0f4cd586d4fa26a21297b87993de9a-en-US\"> </a><p><b>active</b>: true</p><p><b>type</b>: <span title=\"Codes:{http://terminology.hl7.org/CodeSystem/organization-type govt}\">Government</span></p><p><b>name</b>: Centro para el Control Estatal de la Calidad de los Medicamentos</p></div>"
  },
  "active" : true,
  "type" : [{
    "coding" : [{
      "system" : "http://terminology.hl7.org/CodeSystem/organization-type",
      "code" : "govt"
    }]
  }],
  "name" : "Centro para el Control Estatal de la Calidad de los Medicamentos"
}