{
  "resourceType" : "Organization",
  "id" : "Manufacturer41f97525c1b4c5c2ec18ee0e4e641a04",
  "meta" : {
    "profile" : ["https://profiles.ihe.net/ITI/mCSD/StructureDefinition/IHE.mCSD.Organization"]
  },
  "text" : {
    "status" : "generated",
    "div" : "<div xmlns=\"http://www.w3.org/1999/xhtml\"><p class=\"res-header-id\"><b>Generated Narrative: Organization Manufacturer41f97525c1b4c5c2ec18ee0e4e641a04</b></p><a name=\"Manufacturer41f97525c1b4c5c2ec18ee0e4e641a04\"> </a><a name=\"hcManufacturer41f97525c1b4c5c2ec18ee0e4e641a04\"> </a><a name=\"Manufacturer41f97525c1b4c5c2ec18ee0e4e641a04-en-US\"> </a><p><b>active</b>: true</p><p><b>type</b>: <span title=\"Codes:{http://terminology.hl7.org/CodeSystem/organization-type other}\">Other</span></p><p><b>name</b>: Seqirus Limited</p></div>"
  },
  "active" : true,
  "type" : [{
    "coding" : [{
      "system" : "http://terminology.hl7.org/CodeSystem/organization-type",
      "code" : "other"
    }]
  }],
  "name" : "Seqirus Limited"
}