{
  "resourceType" : "Organization",
  "id" : "Holderf79f23b4c5122fd96b2c87cc385157fc",
  "meta" : {
    "profile" : ["https://profiles.ihe.net/ITI/mCSD/StructureDefinition/IHE.mCSD.Organization"]
  },
  "text" : {
    "status" : "generated",
    "div" : "<div xmlns=\"http://www.w3.org/1999/xhtml\"><p class=\"res-header-id\"><b>Generated Narrative: Organization Holderf79f23b4c5122fd96b2c87cc385157fc</b></p><a name=\"Holderf79f23b4c5122fd96b2c87cc385157fc\"> </a><a name=\"hcHolderf79f23b4c5122fd96b2c87cc385157fc\"> </a><a name=\"Holderf79f23b4c5122fd96b2c87cc385157fc-en-US\"> </a><p><b>active</b>: true</p><p><b>type</b>: <span title=\"Codes:{http://terminology.hl7.org/CodeSystem/organization-type govt}\">Government</span></p><p><b>name</b>: Central Drugs Standard Control Organization</p></div>"
  },
  "active" : true,
  "type" : [{
    "coding" : [{
      "system" : "http://terminology.hl7.org/CodeSystem/organization-type",
      "code" : "govt"
    }]
  }],
  "name" : "Central Drugs Standard Control Organization"
}