{
  "resourceType" : "Organization",
  "id" : "Manufacturer8c96b2e988e99fecb160f675715f893a",
  "meta" : {
    "profile" : ["https://profiles.ihe.net/ITI/mCSD/StructureDefinition/IHE.mCSD.Organization"]
  },
  "text" : {
    "status" : "generated",
    "div" : "<div xmlns=\"http://www.w3.org/1999/xhtml\"><p class=\"res-header-id\"><b>Generated Narrative: Organization Manufacturer8c96b2e988e99fecb160f675715f893a</b></p><a name=\"Manufacturer8c96b2e988e99fecb160f675715f893a\"> </a><a name=\"hcManufacturer8c96b2e988e99fecb160f675715f893a\"> </a><a name=\"Manufacturer8c96b2e988e99fecb160f675715f893a-en-US\"> </a><p><b>active</b>: true</p><p><b>type</b>: <span title=\"Codes:{http://terminology.hl7.org/CodeSystem/organization-type other}\">Other</span></p><p><b>name</b>: Sinovac (Dalian) Vaccine Technology Co., Ltd.</p></div>"
  },
  "active" : true,
  "type" : [{
    "coding" : [{
      "system" : "http://terminology.hl7.org/CodeSystem/organization-type",
      "code" : "other"
    }]
  }],
  "name" : "Sinovac (Dalian) Vaccine Technology Co., Ltd."
}