{
  "resourceType" : "Organization",
  "id" : "Manufacturera5cc87bbf41f05f69cabde633c076a70",
  "meta" : {
    "profile" : ["https://profiles.ihe.net/ITI/mCSD/StructureDefinition/IHE.mCSD.Organization"]
  },
  "text" : {
    "status" : "generated",
    "div" : "<div xmlns=\"http://www.w3.org/1999/xhtml\"><p class=\"res-header-id\"><b>Generated Narrative: Organization Manufacturera5cc87bbf41f05f69cabde633c076a70</b></p><a name=\"Manufacturera5cc87bbf41f05f69cabde633c076a70\"> </a><a name=\"hcManufacturera5cc87bbf41f05f69cabde633c076a70\"> </a><a name=\"Manufacturera5cc87bbf41f05f69cabde633c076a70-en-US\"> </a><p><b>active</b>: true</p><p><b>type</b>: <span title=\"Codes:{http://terminology.hl7.org/CodeSystem/organization-type other}\">Other</span></p><p><b>name</b>: Xiamen Innovax Biotech Co. Ltd.</p></div>"
  },
  "active" : true,
  "type" : [{
    "coding" : [{
      "system" : "http://terminology.hl7.org/CodeSystem/organization-type",
      "code" : "other"
    }]
  }],
  "name" : "Xiamen Innovax Biotech Co. Ltd."
}