{
  "resourceType" : "Organization",
  "id" : "Holder6237d292dd8018497991076b85cae399",
  "meta" : {
    "profile" : ["https://profiles.ihe.net/ITI/mCSD/StructureDefinition/IHE.mCSD.Organization"]
  },
  "text" : {
    "status" : "generated",
    "div" : "<div xmlns=\"http://www.w3.org/1999/xhtml\"><p class=\"res-header-id\"><b>Generated Narrative: Organization Holder6237d292dd8018497991076b85cae399</b></p><a name=\"Holder6237d292dd8018497991076b85cae399\"> </a><a name=\"hcHolder6237d292dd8018497991076b85cae399\"> </a><a name=\"Holder6237d292dd8018497991076b85cae399-en-US\"> </a><p><b>active</b>: true</p><p><b>type</b>: <span title=\"Codes:{http://terminology.hl7.org/CodeSystem/organization-type govt}\">Government</span></p><p><b>name</b>: Health Canada - Santé Canada</p></div>"
  },
  "active" : true,
  "type" : [{
    "coding" : [{
      "system" : "http://terminology.hl7.org/CodeSystem/organization-type",
      "code" : "govt"
    }]
  }],
  "name" : "Health Canada - Santé Canada"
}