{
  "resourceType" : "Organization",
  "id" : "Manufacturereb31bd403f002800b14da9b2662b321c",
  "meta" : {
    "profile" : ["https://profiles.ihe.net/ITI/mCSD/StructureDefinition/IHE.mCSD.Organization"]
  },
  "text" : {
    "status" : "generated",
    "div" : "<div xmlns=\"http://www.w3.org/1999/xhtml\"><p class=\"res-header-id\"><b>Generated Narrative: Organization Manufacturereb31bd403f002800b14da9b2662b321c</b></p><a name=\"Manufacturereb31bd403f002800b14da9b2662b321c\"> </a><a name=\"hcManufacturereb31bd403f002800b14da9b2662b321c\"> </a><a name=\"Manufacturereb31bd403f002800b14da9b2662b321c-en-US\"> </a><p><b>active</b>: true</p><p><b>type</b>: <span title=\"Codes:{http://terminology.hl7.org/CodeSystem/organization-type other}\">Other</span></p><p><b>name</b>: Beijing Institute of Biological Products Co., Ltd.</p></div>"
  },
  "active" : true,
  "type" : [{
    "coding" : [{
      "system" : "http://terminology.hl7.org/CodeSystem/organization-type",
      "code" : "other"
    }]
  }],
  "name" : "Beijing Institute of Biological Products Co., Ltd."
}