{
  "resourceType" : "Organization",
  "id" : "Manufacturercb2d11a53a6d9504a6a08ab51b9aabe7",
  "meta" : {
    "profile" : ["https://profiles.ihe.net/ITI/mCSD/StructureDefinition/IHE.mCSD.Organization"]
  },
  "text" : {
    "status" : "generated",
    "div" : "<div xmlns=\"http://www.w3.org/1999/xhtml\"><p class=\"res-header-id\"><b>Generated Narrative: Organization Manufacturercb2d11a53a6d9504a6a08ab51b9aabe7</b></p><a name=\"Manufacturercb2d11a53a6d9504a6a08ab51b9aabe7\"> </a><a name=\"hcManufacturercb2d11a53a6d9504a6a08ab51b9aabe7\"> </a><a name=\"Manufacturercb2d11a53a6d9504a6a08ab51b9aabe7-en-US\"> </a><p><b>active</b>: true</p><p><b>type</b>: <span title=\"Codes:{http://terminology.hl7.org/CodeSystem/organization-type other}\">Other</span></p><p><b>name</b>: EuBiologics Co., Ltd.</p></div>"
  },
  "active" : true,
  "type" : [{
    "coding" : [{
      "system" : "http://terminology.hl7.org/CodeSystem/organization-type",
      "code" : "other"
    }]
  }],
  "name" : "EuBiologics Co., Ltd."
}