{
  "resourceType" : "Organization",
  "id" : "Manufacturerf3c43b08073eb6595c2444bf313f5362",
  "meta" : {
    "profile" : ["https://profiles.ihe.net/ITI/mCSD/StructureDefinition/IHE.mCSD.Organization"]
  },
  "text" : {
    "status" : "generated",
    "div" : "<div xmlns=\"http://www.w3.org/1999/xhtml\"><p class=\"res-header-id\"><b>Generated Narrative: Organization Manufacturerf3c43b08073eb6595c2444bf313f5362</b></p><a name=\"Manufacturerf3c43b08073eb6595c2444bf313f5362\"> </a><a name=\"hcManufacturerf3c43b08073eb6595c2444bf313f5362\"> </a><a name=\"Manufacturerf3c43b08073eb6595c2444bf313f5362-en-US\"> </a><p><b>active</b>: true</p><p><b>type</b>: <span title=\"Codes:{http://terminology.hl7.org/CodeSystem/organization-type other}\">Other</span></p><p><b>name</b>: Valneva Sweden AB</p></div>"
  },
  "active" : true,
  "type" : [{
    "coding" : [{
      "system" : "http://terminology.hl7.org/CodeSystem/organization-type",
      "code" : "other"
    }]
  }],
  "name" : "Valneva Sweden AB"
}