{
  "resourceType" : "Organization",
  "id" : "Manufacturer2633085cce399745d9a840a0e7459e1a",
  "meta" : {
    "profile" : ["https://profiles.ihe.net/ITI/mCSD/StructureDefinition/IHE.mCSD.Organization"]
  },
  "text" : {
    "status" : "generated",
    "div" : "<div xmlns=\"http://www.w3.org/1999/xhtml\"><p class=\"res-header-id\"><b>Generated Narrative: Organization Manufacturer2633085cce399745d9a840a0e7459e1a</b></p><a name=\"Manufacturer2633085cce399745d9a840a0e7459e1a\"> </a><a name=\"hcManufacturer2633085cce399745d9a840a0e7459e1a\"> </a><a name=\"Manufacturer2633085cce399745d9a840a0e7459e1a-en-US\"> </a><p><b>active</b>: true</p><p><b>type</b>: <span title=\"Codes:{http://terminology.hl7.org/CodeSystem/organization-type other}\">Other</span></p><p><b>name</b>: Bio-Manguinhos/Fiocruz</p></div>"
  },
  "active" : true,
  "type" : [{
    "coding" : [{
      "system" : "http://terminology.hl7.org/CodeSystem/organization-type",
      "code" : "other"
    }]
  }],
  "name" : "Bio-Manguinhos/Fiocruz"
}