{
  "resourceType" : "Organization",
  "id" : "Holderba27f505e9f51f464d1a574696de85c5",
  "meta" : {
    "profile" : ["https://profiles.ihe.net/ITI/mCSD/StructureDefinition/IHE.mCSD.Organization"]
  },
  "text" : {
    "status" : "generated",
    "div" : "<div xmlns=\"http://www.w3.org/1999/xhtml\"><p class=\"res-header-id\"><b>Generated Narrative: Organization Holderba27f505e9f51f464d1a574696de85c5</b></p><a name=\"Holderba27f505e9f51f464d1a574696de85c5\"> </a><a name=\"hcHolderba27f505e9f51f464d1a574696de85c5\"> </a><a name=\"Holderba27f505e9f51f464d1a574696de85c5-en-US\"> </a><p><b>active</b>: true</p><p><b>type</b>: <span title=\"Codes:{http://terminology.hl7.org/CodeSystem/organization-type govt}\">Government</span></p><p><b>name</b>: Medicines Evaluation Board (MEB)</p></div>"
  },
  "active" : true,
  "type" : [{
    "coding" : [{
      "system" : "http://terminology.hl7.org/CodeSystem/organization-type",
      "code" : "govt"
    }]
  }],
  "name" : "Medicines Evaluation Board (MEB)"
}