{
  "resourceType" : "Organization",
  "id" : "Manufacturer44bef811989f0f1c17f76defa1978713",
  "meta" : {
    "profile" : ["https://profiles.ihe.net/ITI/mCSD/StructureDefinition/IHE.mCSD.Organization"]
  },
  "text" : {
    "status" : "generated",
    "div" : "<div xmlns=\"http://www.w3.org/1999/xhtml\"><p class=\"res-header-id\"><b>Generated Narrative: Organization Manufacturer44bef811989f0f1c17f76defa1978713</b></p><a name=\"Manufacturer44bef811989f0f1c17f76defa1978713\"> </a><a name=\"hcManufacturer44bef811989f0f1c17f76defa1978713\"> </a><a name=\"Manufacturer44bef811989f0f1c17f76defa1978713-en-US\"> </a><p><b>active</b>: true</p><p><b>type</b>: <span title=\"Codes:{http://terminology.hl7.org/CodeSystem/organization-type other}\">Other</span></p><p><b>name</b>: Seqirus Vaccines Limited</p></div>"
  },
  "active" : true,
  "type" : [{
    "coding" : [{
      "system" : "http://terminology.hl7.org/CodeSystem/organization-type",
      "code" : "other"
    }]
  }],
  "name" : "Seqirus Vaccines Limited"
}