{
  "resourceType" : "Organization",
  "id" : "Holder6f85b90926148cce1ad5a1fa8afe673a",
  "meta" : {
    "profile" : ["https://profiles.ihe.net/ITI/mCSD/StructureDefinition/IHE.mCSD.Organization"]
  },
  "text" : {
    "status" : "generated",
    "div" : "<div xmlns=\"http://www.w3.org/1999/xhtml\"><p class=\"res-header-id\"><b>Generated Narrative: Organization Holder6f85b90926148cce1ad5a1fa8afe673a</b></p><a name=\"Holder6f85b90926148cce1ad5a1fa8afe673a\"> </a><a name=\"hcHolder6f85b90926148cce1ad5a1fa8afe673a\"> </a><a name=\"Holder6f85b90926148cce1ad5a1fa8afe673a-en-US\"> </a><p><b>active</b>: true</p><p><b>type</b>: <span title=\"Codes:{http://terminology.hl7.org/CodeSystem/organization-type govt}\">Government</span></p><p><b>name</b>: National Medical Products Administration</p></div>"
  },
  "active" : true,
  "type" : [{
    "coding" : [{
      "system" : "http://terminology.hl7.org/CodeSystem/organization-type",
      "code" : "govt"
    }]
  }],
  "name" : "National Medical Products Administration"
}