{
  "resourceType" : "Organization",
  "id" : "Manufactureraca8ee84737803adc7e1b19a498b8fb9",
  "meta" : {
    "profile" : ["https://profiles.ihe.net/ITI/mCSD/StructureDefinition/IHE.mCSD.Organization"]
  },
  "text" : {
    "status" : "generated",
    "div" : "<div xmlns=\"http://www.w3.org/1999/xhtml\"><p class=\"res-header-id\"><b>Generated Narrative: Organization Manufactureraca8ee84737803adc7e1b19a498b8fb9</b></p><a name=\"Manufactureraca8ee84737803adc7e1b19a498b8fb9\"> </a><a name=\"hcManufactureraca8ee84737803adc7e1b19a498b8fb9\"> </a><a name=\"Manufactureraca8ee84737803adc7e1b19a498b8fb9-en-US\"> </a><p><b>active</b>: true</p><p><b>type</b>: <span title=\"Codes:{http://terminology.hl7.org/CodeSystem/organization-type other}\">Other</span></p><p><b>name</b>: Janssen Cilag International N.V.</p></div>"
  },
  "active" : true,
  "type" : [{
    "coding" : [{
      "system" : "http://terminology.hl7.org/CodeSystem/organization-type",
      "code" : "other"
    }]
  }],
  "name" : "Janssen Cilag International N.V."
}