{
  "resourceType" : "Organization",
  "id" : "Manufacturer1de7214fcf73be7aeabd3d60abbd51bf",
  "meta" : {
    "profile" : ["https://profiles.ihe.net/ITI/mCSD/StructureDefinition/IHE.mCSD.Organization"]
  },
  "text" : {
    "status" : "generated",
    "div" : "<div xmlns=\"http://www.w3.org/1999/xhtml\"><p class=\"res-header-id\"><b>Generated Narrative: Organization Manufacturer1de7214fcf73be7aeabd3d60abbd51bf</b></p><a name=\"Manufacturer1de7214fcf73be7aeabd3d60abbd51bf\"> </a><a name=\"hcManufacturer1de7214fcf73be7aeabd3d60abbd51bf\"> </a><a name=\"Manufacturer1de7214fcf73be7aeabd3d60abbd51bf-en-US\"> </a><p><b>active</b>: true</p><p><b>type</b>: <span title=\"Codes:{http://terminology.hl7.org/CodeSystem/organization-type other}\">Other</span></p><p><b>name</b>: MedImmune</p></div>"
  },
  "active" : true,
  "type" : [{
    "coding" : [{
      "system" : "http://terminology.hl7.org/CodeSystem/organization-type",
      "code" : "other"
    }]
  }],
  "name" : "MedImmune"
}