{
  "resourceType" : "Organization",
  "id" : "Manufacturer0f92a4144844f2cd6ed7fe33dc8d7b1c",
  "meta" : {
    "profile" : ["https://profiles.ihe.net/ITI/mCSD/StructureDefinition/IHE.mCSD.Organization"]
  },
  "text" : {
    "status" : "generated",
    "div" : "<div xmlns=\"http://www.w3.org/1999/xhtml\"><p class=\"res-header-id\"><b>Generated Narrative: Organization Manufacturer0f92a4144844f2cd6ed7fe33dc8d7b1c</b></p><a name=\"Manufacturer0f92a4144844f2cd6ed7fe33dc8d7b1c\"> </a><a name=\"hcManufacturer0f92a4144844f2cd6ed7fe33dc8d7b1c\"> </a><a name=\"Manufacturer0f92a4144844f2cd6ed7fe33dc8d7b1c-en-US\"> </a><p><b>active</b>: true</p><p><b>type</b>: <span title=\"Codes:{http://terminology.hl7.org/CodeSystem/organization-type other}\">Other</span></p><p><b>name</b>: Pfizer Europe MA EEIG</p></div>"
  },
  "active" : true,
  "type" : [{
    "coding" : [{
      "system" : "http://terminology.hl7.org/CodeSystem/organization-type",
      "code" : "other"
    }]
  }],
  "name" : "Pfizer Europe MA EEIG"
}