{
  "resourceType" : "Organization",
  "id" : "Manufacturer323393ea6ca912a5ae580eddb032cd99",
  "meta" : {
    "profile" : ["https://profiles.ihe.net/ITI/mCSD/StructureDefinition/IHE.mCSD.Organization"]
  },
  "text" : {
    "status" : "generated",
    "div" : "<div xmlns=\"http://www.w3.org/1999/xhtml\"><p class=\"res-header-id\"><b>Generated Narrative: Organization Manufacturer323393ea6ca912a5ae580eddb032cd99</b></p><a name=\"Manufacturer323393ea6ca912a5ae580eddb032cd99\"> </a><a name=\"hcManufacturer323393ea6ca912a5ae580eddb032cd99\"> </a><a name=\"Manufacturer323393ea6ca912a5ae580eddb032cd99-en-US\"> </a><p><b>active</b>: true</p><p><b>type</b>: <span title=\"Codes:{http://terminology.hl7.org/CodeSystem/organization-type other}\">Other</span></p><p><b>name</b>: Sanofi Healthcare India Private Limited</p></div>"
  },
  "active" : true,
  "type" : [{
    "coding" : [{
      "system" : "http://terminology.hl7.org/CodeSystem/organization-type",
      "code" : "other"
    }]
  }],
  "name" : "Sanofi Healthcare India Private Limited"
}