{
  "resourceType" : "Organization",
  "id" : "Manufacturer04d9a670e03eceddfeaf6cf84699e754",
  "meta" : {
    "profile" : ["https://profiles.ihe.net/ITI/mCSD/StructureDefinition/IHE.mCSD.Organization"]
  },
  "text" : {
    "status" : "generated",
    "div" : "<div xmlns=\"http://www.w3.org/1999/xhtml\"><p class=\"res-header-id\"><b>Generated Narrative: Organization Manufacturer04d9a670e03eceddfeaf6cf84699e754</b></p><a name=\"Manufacturer04d9a670e03eceddfeaf6cf84699e754\"> </a><a name=\"hcManufacturer04d9a670e03eceddfeaf6cf84699e754\"> </a><a name=\"Manufacturer04d9a670e03eceddfeaf6cf84699e754-en-US\"> </a><p><b>active</b>: true</p><p><b>type</b>: <span title=\"Codes:{http://terminology.hl7.org/CodeSystem/organization-type other}\">Other</span></p><p><b>name</b>: Yuxi Zerun Biotechnology Co., Ltd</p></div>"
  },
  "active" : true,
  "type" : [{
    "coding" : [{
      "system" : "http://terminology.hl7.org/CodeSystem/organization-type",
      "code" : "other"
    }]
  }],
  "name" : "Yuxi Zerun Biotechnology Co., Ltd"
}